
const unsigned char font1[] = { 10,2,
        0x06, 0x00, 0x00, 0x00, 0x00, 0x00, 0x00, 0x00, 0x00, 0x00, 0x00, 0x00, 0x00, 0x00, 0x00, 0x00, 0x00, 0x00, 0x00, 0x00, 0x00,  // Code for char
        0x02, 0x00, 0x00, 0x7E, 0x01, 0x00, 0x00, 0x00, 0x00, 0x00, 0x00, 0x00, 0x00, 0x00, 0x00, 0x00, 0x00, 0x00, 0x00, 0x00, 0x00,  // Code for char !
        0x03, 0x07, 0x00, 0x00, 0x00, 0x07, 0x00, 0x00, 0x00, 0x00, 0x00, 0x00, 0x00, 0x00, 0x00, 0x00, 0x00, 0x00, 0x00, 0x00, 0x00,  // Code for char "
        0x07, 0x40, 0x00, 0xC8, 0x01, 0x78, 0x00, 0xCE, 0x01, 0x78, 0x00, 0x4E, 0x00, 0x08, 0x00, 0x00, 0x00, 0x00, 0x00, 0x00, 0x00,  // Code for char #
        0x05, 0x18, 0x01, 0x24, 0x01, 0xFF, 0x07, 0x24, 0x01, 0xC4, 0x00, 0x00, 0x00, 0x00, 0x00, 0x00, 0x00, 0x00, 0x00, 0x00, 0x00,  // Code for char $
        0x0A, 0x0C, 0x00, 0x12, 0x00, 0x12, 0x00, 0x8C, 0x01, 0x60, 0x00, 0x18, 0x00, 0xC6, 0x00, 0x20, 0x01, 0x20, 0x01, 0xC0, 0x00,  // Code for char %
        0x07, 0xEC, 0x00, 0x12, 0x01, 0x12, 0x01, 0x2C, 0x01, 0xC0, 0x00, 0xB0, 0x00, 0x00, 0x01, 0x00, 0x00, 0x00, 0x00, 0x00, 0x00,  // Code for char &
        0x01, 0x07, 0x00, 0x00, 0x00, 0x00, 0x00, 0x00, 0x00, 0x00, 0x00, 0x00, 0x00, 0x00, 0x00, 0x00, 0x00, 0x00, 0x00, 0x00, 0x00,  // Code for char '
        0x03, 0xF8, 0x00, 0x06, 0x03, 0x01, 0x04, 0x00, 0x00, 0x00, 0x00, 0x00, 0x00, 0x00, 0x00, 0x00, 0x00, 0x00, 0x00, 0x00, 0x00,  // Code for char (
        0x03, 0x01, 0x04, 0x06, 0x03, 0xF8, 0x00, 0x00, 0x00, 0x00, 0x00, 0x00, 0x00, 0x00, 0x00, 0x00, 0x00, 0x00, 0x00, 0x00, 0x00,  // Code for char )
        0x05, 0x0A, 0x00, 0x04, 0x00, 0x1F, 0x00, 0x04, 0x00, 0x0A, 0x00, 0x00, 0x00, 0x00, 0x00, 0x00, 0x00, 0x00, 0x00, 0x00, 0x00,  // Code for char *
        0x07, 0x20, 0x00, 0x20, 0x00, 0x20, 0x00, 0xFC, 0x01, 0x20, 0x00, 0x20, 0x00, 0x20, 0x00, 0x00, 0x00, 0x00, 0x00, 0x00, 0x00,  // Code for char +
        0x02, 0x00, 0x04, 0x80, 0x03, 0x00, 0x00, 0x00, 0x00, 0x00, 0x00, 0x00, 0x00, 0x00, 0x00, 0x00, 0x00, 0x00, 0x00, 0x00, 0x00,  // Code for char ,
        0x03, 0x20, 0x00, 0x20, 0x00, 0x20, 0x00, 0x00, 0x00, 0x00, 0x00, 0x00, 0x00, 0x00, 0x00, 0x00, 0x00, 0x00, 0x00, 0x00, 0x00,  // Code for char -
        0x02, 0x00, 0x00, 0x80, 0x01, 0x00, 0x00, 0x00, 0x00, 0x00, 0x00, 0x00, 0x00, 0x00, 0x00, 0x00, 0x00, 0x00, 0x00, 0x00, 0x00,  // Code for char .
        0x03, 0x00, 0x07, 0xF8, 0x00, 0x07, 0x00, 0x00, 0x00, 0x00, 0x00, 0x00, 0x00, 0x00, 0x00, 0x00, 0x00, 0x00, 0x00, 0x00, 0x00,  // Code for char /
        0x05, 0xFC, 0x00, 0x02, 0x01, 0x02, 0x01, 0x02, 0x01, 0xFC, 0x00, 0x00, 0x00, 0x00, 0x00, 0x00, 0x00, 0x00, 0x00, 0x00, 0x00,  // Code for char 0
        0x04, 0x00, 0x00, 0x04, 0x01, 0xFE, 0x01, 0x00, 0x01, 0x00, 0x00, 0x00, 0x00, 0x00, 0x00, 0x00, 0x00, 0x00, 0x00, 0x00, 0x00,  // Code for char 1
        0x05, 0x84, 0x01, 0x42, 0x01, 0x22, 0x01, 0x12, 0x01, 0x0C, 0x01, 0x00, 0x00, 0x00, 0x00, 0x00, 0x00, 0x00, 0x00, 0x00, 0x00,  // Code for char 2
        0x05, 0x84, 0x00, 0x02, 0x01, 0x12, 0x01, 0x12, 0x01, 0xEC, 0x00, 0x00, 0x00, 0x00, 0x00, 0x00, 0x00, 0x00, 0x00, 0x00, 0x00,  // Code for char 3
        0x05, 0x30, 0x00, 0x28, 0x00, 0x24, 0x00, 0xFE, 0x01, 0x20, 0x00, 0x00, 0x00, 0x00, 0x00, 0x00, 0x00, 0x00, 0x00, 0x00, 0x00,  // Code for char 4
        0x05, 0x9E, 0x00, 0x12, 0x01, 0x12, 0x01, 0x12, 0x01, 0xE2, 0x00, 0x00, 0x00, 0x00, 0x00, 0x00, 0x00, 0x00, 0x00, 0x00, 0x00,  // Code for char 5
        0x05, 0xF8, 0x00, 0x14, 0x01, 0x12, 0x01, 0x12, 0x01, 0xE0, 0x00, 0x00, 0x00, 0x00, 0x00, 0x00, 0x00, 0x00, 0x00, 0x00, 0x00,  // Code for char 6
        0x05, 0x02, 0x00, 0x82, 0x01, 0x62, 0x00, 0x1A, 0x00, 0x06, 0x00, 0x00, 0x00, 0x00, 0x00, 0x00, 0x00, 0x00, 0x00, 0x00, 0x00,  // Code for char 7
        0x05, 0xEC, 0x00, 0x12, 0x01, 0x12, 0x01, 0x12, 0x01, 0xEC, 0x00, 0x00, 0x00, 0x00, 0x00, 0x00, 0x00, 0x00, 0x00, 0x00, 0x00,  // Code for char 8
        0x05, 0x1C, 0x00, 0x22, 0x01, 0x22, 0x01, 0xA2, 0x00, 0x7C, 0x00, 0x00, 0x00, 0x00, 0x00, 0x00, 0x00, 0x00, 0x00, 0x00, 0x00,  // Code for char 9
        0x02, 0x00, 0x00, 0x98, 0x01, 0x00, 0x00, 0x00, 0x00, 0x00, 0x00, 0x00, 0x00, 0x00, 0x00, 0x00, 0x00, 0x00, 0x00, 0x00, 0x00,  // Code for char :
        0x02, 0x00, 0x04, 0x98, 0x03, 0x00, 0x00, 0x00, 0x00, 0x00, 0x00, 0x00, 0x00, 0x00, 0x00, 0x00, 0x00, 0x00, 0x00, 0x00, 0x00,  // Code for char ;
        0x07, 0x00, 0x00, 0x20, 0x00, 0x50, 0x00, 0x50, 0x00, 0x88, 0x00, 0x88, 0x00, 0x04, 0x01, 0x00, 0x00, 0x00, 0x00, 0x00, 0x00,  // Code for char <
        0x07, 0x50, 0x00, 0x50, 0x00, 0x50, 0x00, 0x50, 0x00, 0x50, 0x00, 0x50, 0x00, 0x50, 0x00, 0x00, 0x00, 0x00, 0x00, 0x00, 0x00,  // Code for char =
        0x07, 0x00, 0x00, 0x04, 0x01, 0x88, 0x00, 0x88, 0x00, 0x50, 0x00, 0x50, 0x00, 0x20, 0x00, 0x00, 0x00, 0x00, 0x00, 0x00, 0x00,  // Code for char >
        0x04, 0x02, 0x00, 0x62, 0x01, 0x12, 0x00, 0x0C, 0x00, 0x00, 0x00, 0x00, 0x00, 0x00, 0x00, 0x00, 0x00, 0x00, 0x00, 0x00, 0x00,  // Code for char ?
        0x09, 0xF8, 0x00, 0x04, 0x01, 0x72, 0x02, 0x8A, 0x02, 0x8A, 0x02, 0xFA, 0x02, 0x82, 0x00, 0x84, 0x00, 0x78, 0x00, 0x00, 0x00,  // Code for char @
        0x06, 0xC0, 0x01, 0x78, 0x00, 0x46, 0x00, 0x46, 0x00, 0x78, 0x00, 0xC0, 0x01, 0x00, 0x00, 0x00, 0x00, 0x00, 0x00, 0x00, 0x00,  // Code for char A
        0x05, 0xFE, 0x01, 0x12, 0x01, 0x12, 0x01, 0x12, 0x01, 0xEC, 0x00, 0x00, 0x00, 0x00, 0x00, 0x00, 0x00, 0x00, 0x00, 0x00, 0x00,  // Code for char B
        0x06, 0x78, 0x00, 0x84, 0x00, 0x02, 0x01, 0x02, 0x01, 0x02, 0x01, 0x02, 0x01, 0x00, 0x00, 0x00, 0x00, 0x00, 0x00, 0x00, 0x00,  // Code for char C
        0x06, 0xFE, 0x01, 0x02, 0x01, 0x02, 0x01, 0x02, 0x01, 0x84, 0x00, 0x78, 0x00, 0x00, 0x00, 0x00, 0x00, 0x00, 0x00, 0x00, 0x00,  // Code for char D
        0x05, 0xFE, 0x01, 0x12, 0x01, 0x12, 0x01, 0x12, 0x01, 0x02, 0x01, 0x00, 0x00, 0x00, 0x00, 0x00, 0x00, 0x00, 0x00, 0x00, 0x00,  // Code for char E
        0x05, 0xFE, 0x01, 0x12, 0x00, 0x12, 0x00, 0x12, 0x00, 0x12, 0x00, 0x00, 0x00, 0x00, 0x00, 0x00, 0x00, 0x00, 0x00, 0x00, 0x00,  // Code for char F
        0x06, 0x78, 0x00, 0x84, 0x00, 0x02, 0x01, 0x22, 0x01, 0x22, 0x01, 0xE2, 0x01, 0x00, 0x00, 0x00, 0x00, 0x00, 0x00, 0x00, 0x00,  // Code for char G
        0x06, 0xFE, 0x01, 0x10, 0x00, 0x10, 0x00, 0x10, 0x00, 0x10, 0x00, 0xFE, 0x01, 0x00, 0x00, 0x00, 0x00, 0x00, 0x00, 0x00, 0x00,  // Code for char H
        0x03, 0x02, 0x01, 0xFE, 0x01, 0x02, 0x01, 0x00, 0x00, 0x00, 0x00, 0x00, 0x00, 0x00, 0x00, 0x00, 0x00, 0x00, 0x00, 0x00, 0x00,  // Code for char I
        0x04, 0x00, 0x01, 0x02, 0x01, 0x02, 0x01, 0xFE, 0x00, 0x00, 0x00, 0x00, 0x00, 0x00, 0x00, 0x00, 0x00, 0x00, 0x00, 0x00, 0x00,  // Code for char J
        0x05, 0xFE, 0x01, 0x30, 0x00, 0x48, 0x00, 0x84, 0x00, 0x02, 0x01, 0x00, 0x00, 0x00, 0x00, 0x00, 0x00, 0x00, 0x00, 0x00, 0x00,  // Code for char K
        0x04, 0xFE, 0x01, 0x00, 0x01, 0x00, 0x01, 0x00, 0x01, 0x00, 0x00, 0x00, 0x00, 0x00, 0x00, 0x00, 0x00, 0x00, 0x00, 0x00, 0x00,  // Code for char L
        0x07, 0xFE, 0x01, 0x06, 0x00, 0x18, 0x00, 0x60, 0x00, 0x18, 0x00, 0x06, 0x00, 0xFE, 0x01, 0x00, 0x00, 0x00, 0x00, 0x00, 0x00,  // Code for char M
        0x06, 0xFE, 0x01, 0x06, 0x00, 0x18, 0x00, 0x60, 0x00, 0x80, 0x01, 0xFE, 0x01, 0x00, 0x00, 0x00, 0x00, 0x00, 0x00, 0x00, 0x00,  // Code for char N
        0x07, 0x78, 0x00, 0x84, 0x00, 0x02, 0x01, 0x02, 0x01, 0x02, 0x01, 0x84, 0x00, 0x78, 0x00, 0x00, 0x00, 0x00, 0x00, 0x00, 0x00,  // Code for char O
        0x05, 0xFE, 0x01, 0x22, 0x00, 0x22, 0x00, 0x22, 0x00, 0x1C, 0x00, 0x00, 0x00, 0x00, 0x00, 0x00, 0x00, 0x00, 0x00, 0x00, 0x00,  // Code for char P
        0x07, 0x78, 0x00, 0x84, 0x00, 0x02, 0x01, 0x02, 0x01, 0x02, 0x03, 0x84, 0x04, 0x78, 0x04, 0x00, 0x00, 0x00, 0x00, 0x00, 0x00,  // Code for char Q
        0x06, 0xFE, 0x01, 0x22, 0x00, 0x22, 0x00, 0x62, 0x00, 0x9C, 0x00, 0x00, 0x01, 0x00, 0x00, 0x00, 0x00, 0x00, 0x00, 0x00, 0x00,  // Code for char R
        0x05, 0x0C, 0x01, 0x12, 0x01, 0x12, 0x01, 0x12, 0x01, 0xE2, 0x00, 0x00, 0x00, 0x00, 0x00, 0x00, 0x00, 0x00, 0x00, 0x00, 0x00,  // Code for char S
        0x05, 0x02, 0x00, 0x02, 0x00, 0xFE, 0x01, 0x02, 0x00, 0x02, 0x00, 0x00, 0x00, 0x00, 0x00, 0x00, 0x00, 0x00, 0x00, 0x00, 0x00,  // Code for char T
        0x06, 0xFE, 0x00, 0x00, 0x01, 0x00, 0x01, 0x00, 0x01, 0x00, 0x01, 0xFE, 0x00, 0x00, 0x00, 0x00, 0x00, 0x00, 0x00, 0x00, 0x00,  // Code for char U
        0x05, 0x0E, 0x00, 0x70, 0x00, 0x80, 0x01, 0x70, 0x00, 0x0E, 0x00, 0x00, 0x00, 0x00, 0x00, 0x00, 0x00, 0x00, 0x00, 0x00, 0x00,  // Code for char V
        0x09, 0x0E, 0x00, 0x70, 0x00, 0x80, 0x01, 0x70, 0x00, 0x0E, 0x00, 0x70, 0x00, 0x80, 0x01, 0x70, 0x00, 0x0E, 0x00, 0x00, 0x00,  // Code for char W
        0x05, 0x86, 0x01, 0x48, 0x00, 0x30, 0x00, 0x48, 0x00, 0x86, 0x01, 0x00, 0x00, 0x00, 0x00, 0x00, 0x00, 0x00, 0x00, 0x00, 0x00,  // Code for char X
        0x05, 0x06, 0x00, 0x18, 0x00, 0xE0, 0x01, 0x18, 0x00, 0x06, 0x00, 0x00, 0x00, 0x00, 0x00, 0x00, 0x00, 0x00, 0x00, 0x00, 0x00,  // Code for char Y
        0x05, 0x82, 0x01, 0x42, 0x01, 0x32, 0x01, 0x0A, 0x01, 0x06, 0x01, 0x00, 0x00, 0x00, 0x00, 0x00, 0x00, 0x00, 0x00, 0x00, 0x00,  // Code for char Z
        0x03, 0xFF, 0x07, 0x01, 0x04, 0x01, 0x04, 0x00, 0x00, 0x00, 0x00, 0x00, 0x00, 0x00, 0x00, 0x00, 0x00, 0x00, 0x00, 0x00, 0x00,  // Code for char [
        0x03, 0x07, 0x00, 0xF8, 0x00, 0x00, 0x07, 0x00, 0x00, 0x00, 0x00, 0x00, 0x00, 0x00, 0x00, 0x00, 0x00, 0x00, 0x00, 0x00, 0x00,  // Code for char BackSlash
        0x03, 0x01, 0x04, 0x01, 0x04, 0xFF, 0x07, 0x00, 0x00, 0x00, 0x00, 0x00, 0x00, 0x00, 0x00, 0x00, 0x00, 0x00, 0x00, 0x00, 0x00,  // Code for char ]
        0x07, 0x10, 0x00, 0x08, 0x00, 0x04, 0x00, 0x02, 0x00, 0x04, 0x00, 0x08, 0x00, 0x10, 0x00, 0x00, 0x00, 0x00, 0x00, 0x00, 0x00,  // Code for char ^
        0x06, 0x00, 0x04, 0x00, 0x04, 0x00, 0x04, 0x00, 0x04, 0x00, 0x04, 0x00, 0x04, 0x00, 0x00, 0x00, 0x00, 0x00, 0x00, 0x00, 0x00,  // Code for char _
        0x03, 0x00, 0x00, 0x01, 0x00, 0x02, 0x00, 0x00, 0x00, 0x00, 0x00, 0x00, 0x00, 0x00, 0x00, 0x00, 0x00, 0x00, 0x00, 0x00, 0x00,  // Code for char `
        0x05, 0xC0, 0x00, 0x28, 0x01, 0x28, 0x01, 0x28, 0x01, 0xF0, 0x01, 0x00, 0x00, 0x00, 0x00, 0x00, 0x00, 0x00, 0x00, 0x00, 0x00,  // Code for char a
        0x05, 0xFF, 0x01, 0x08, 0x01, 0x08, 0x01, 0x08, 0x01, 0xF0, 0x00, 0x00, 0x00, 0x00, 0x00, 0x00, 0x00, 0x00, 0x00, 0x00, 0x00,  // Code for char b
        0x04, 0xF0, 0x00, 0x08, 0x01, 0x08, 0x01, 0x08, 0x01, 0x00, 0x00, 0x00, 0x00, 0x00, 0x00, 0x00, 0x00, 0x00, 0x00, 0x00, 0x00,  // Code for char c
        0x05, 0xF0, 0x00, 0x08, 0x01, 0x08, 0x01, 0x08, 0x01, 0xFF, 0x01, 0x00, 0x00, 0x00, 0x00, 0x00, 0x00, 0x00, 0x00, 0x00, 0x00,  // Code for char d
        0x05, 0xF0, 0x00, 0x28, 0x01, 0x28, 0x01, 0x28, 0x01, 0xB0, 0x00, 0x00, 0x00, 0x00, 0x00, 0x00, 0x00, 0x00, 0x00, 0x00, 0x00,  // Code for char e
        0x03, 0xFE, 0x01, 0x09, 0x00, 0x09, 0x00, 0x00, 0x00, 0x00, 0x00, 0x00, 0x00, 0x00, 0x00, 0x00, 0x00, 0x00, 0x00, 0x00, 0x00,  // Code for char f
        0x05, 0xF0, 0x00, 0x08, 0x05, 0x08, 0x05, 0x08, 0x05, 0xF8, 0x03, 0x00, 0x00, 0x00, 0x00, 0x00, 0x00, 0x00, 0x00, 0x00, 0x00,  // Code for char g
        0x05, 0xFF, 0x01, 0x08, 0x00, 0x08, 0x00, 0x08, 0x00, 0xF0, 0x01, 0x00, 0x00, 0x00, 0x00, 0x00, 0x00, 0x00, 0x00, 0x00, 0x00,  // Code for char h
        0x01, 0xFA, 0x01, 0x00, 0x00, 0x00, 0x00, 0x00, 0x00, 0x00, 0x00, 0x00, 0x00, 0x00, 0x00, 0x00, 0x00, 0x00, 0x00, 0x00, 0x00,  // Code for char i
        0x02, 0x08, 0x04, 0xFA, 0x03, 0x00, 0x00, 0x00, 0x00, 0x00, 0x00, 0x00, 0x00, 0x00, 0x00, 0x00, 0x00, 0x00, 0x00, 0x00, 0x00,  // Code for char j
        0x05, 0xFF, 0x01, 0x20, 0x00, 0x50, 0x00, 0x88, 0x00, 0x00, 0x01, 0x00, 0x00, 0x00, 0x00, 0x00, 0x00, 0x00, 0x00, 0x00, 0x00,  // Code for char k
        0x01, 0xFF, 0x01, 0x00, 0x00, 0x00, 0x00, 0x00, 0x00, 0x00, 0x00, 0x00, 0x00, 0x00, 0x00, 0x00, 0x00, 0x00, 0x00, 0x00, 0x00,  // Code for char l
        0x07, 0xF8, 0x01, 0x08, 0x00, 0x08, 0x00, 0xF0, 0x01, 0x08, 0x00, 0x08, 0x00, 0xF0, 0x01, 0x00, 0x00, 0x00, 0x00, 0x00, 0x00,  // Code for char m
        0x05, 0xF8, 0x01, 0x08, 0x00, 0x08, 0x00, 0x08, 0x00, 0xF0, 0x01, 0x00, 0x00, 0x00, 0x00, 0x00, 0x00, 0x00, 0x00, 0x00, 0x00,  // Code for char n
        0x05, 0xF0, 0x00, 0x08, 0x01, 0x08, 0x01, 0x08, 0x01, 0xF0, 0x00, 0x00, 0x00, 0x00, 0x00, 0x00, 0x00, 0x00, 0x00, 0x00, 0x00,  // Code for char o
        0x05, 0xF8, 0x07, 0x08, 0x01, 0x08, 0x01, 0x08, 0x01, 0xF0, 0x00, 0x00, 0x00, 0x00, 0x00, 0x00, 0x00, 0x00, 0x00, 0x00, 0x00,  // Code for char p
        0x05, 0xF0, 0x00, 0x08, 0x01, 0x08, 0x01, 0x08, 0x01, 0xF8, 0x07, 0x00, 0x00, 0x00, 0x00, 0x00, 0x00, 0x00, 0x00, 0x00, 0x00,  // Code for char q
        0x03, 0xF8, 0x01, 0x10, 0x00, 0x08, 0x00, 0x00, 0x00, 0x00, 0x00, 0x00, 0x00, 0x00, 0x00, 0x00, 0x00, 0x00, 0x00, 0x00, 0x00,  // Code for char r
        0x04, 0x30, 0x01, 0x28, 0x01, 0x48, 0x01, 0xC8, 0x00, 0x00, 0x00, 0x00, 0x00, 0x00, 0x00, 0x00, 0x00, 0x00, 0x00, 0x00, 0x00,  // Code for char s
        0x03, 0xFE, 0x00, 0x08, 0x01, 0x08, 0x01, 0x00, 0x00, 0x00, 0x00, 0x00, 0x00, 0x00, 0x00, 0x00, 0x00, 0x00, 0x00, 0x00, 0x00,  // Code for char t
        0x05, 0xF8, 0x00, 0x00, 0x01, 0x00, 0x01, 0x00, 0x01, 0xF8, 0x01, 0x00, 0x00, 0x00, 0x00, 0x00, 0x00, 0x00, 0x00, 0x00, 0x00,  // Code for char u
        0x05, 0x18, 0x00, 0x60, 0x00, 0x80, 0x01, 0x60, 0x00, 0x18, 0x00, 0x00, 0x00, 0x00, 0x00, 0x00, 0x00, 0x00, 0x00, 0x00, 0x00,  // Code for char v
        0x07, 0x78, 0x00, 0x80, 0x01, 0x60, 0x00, 0x18, 0x00, 0x60, 0x00, 0x80, 0x01, 0x78, 0x00, 0x00, 0x00, 0x00, 0x00, 0x00, 0x00,  // Code for char w
        0x05, 0x08, 0x01, 0x90, 0x00, 0x60, 0x00, 0x90, 0x00, 0x08, 0x01, 0x00, 0x00, 0x00, 0x00, 0x00, 0x00, 0x00, 0x00, 0x00, 0x00,  // Code for char x
        0x05, 0x18, 0x00, 0x60, 0x06, 0x80, 0x01, 0x60, 0x00, 0x18, 0x00, 0x00, 0x00, 0x00, 0x00, 0x00, 0x00, 0x00, 0x00, 0x00, 0x00,  // Code for char y
        0x04, 0x88, 0x01, 0x48, 0x01, 0x28, 0x01, 0x18, 0x01, 0x00, 0x00, 0x00, 0x00, 0x00, 0x00, 0x00, 0x00, 0x00, 0x00, 0x00, 0x00,  // Code for char z
        0x04, 0x20, 0x00, 0x20, 0x00, 0xDE, 0x03, 0x01, 0x04, 0x00, 0x00, 0x00, 0x00, 0x00, 0x00, 0x00, 0x00, 0x00, 0x00, 0x00, 0x00,  // Code for char {
        0x02, 0x00, 0x00, 0xFF, 0x07, 0x00, 0x00, 0x00, 0x00, 0x00, 0x00, 0x00, 0x00, 0x00, 0x00, 0x00, 0x00, 0x00, 0x00, 0x00, 0x00,  // Code for char |
        0x04, 0x01, 0x04, 0xDE, 0x03, 0x20, 0x00, 0x20, 0x00, 0x00, 0x00, 0x00, 0x00, 0x00, 0x00, 0x00, 0x00, 0x00, 0x00, 0x00, 0x00,  // Code for char }
        0x07, 0x60, 0x00, 0x10, 0x00, 0x10, 0x00, 0x20, 0x00, 0x40, 0x00, 0x40, 0x00, 0x30, 0x00, 0x00, 0x00, 0x00, 0x00, 0x00, 0x00,  // Code for char ~
        0x03, 0xFE, 0x01, 0x02, 0x01, 0xFE, 0x01, 0x00, 0x00, 0x00, 0x00, 0x00, 0x00, 0x00, 0x00, 0x00, 0x00, 0x00, 0x00, 0x00, 0x00   // Code for char 
        };
        
        const unsigned char font2 []= { 19,3,
        0x0A, 0x00, 0x00, 0x00, 0x00, 0x00, 0x00, 0x00, 0x00, 0x00, 0x00, 0x00, 0x00, 0x00, 0x00, 0x00, 0x00, 0x00, 0x00, 0x00, 0x00, 0x00, 0x00, 0x00, 0x00, 0x00, 0x00, 0x00, 0x00, 0x00, 0x00, 0x00, 0x00, 0x00, 0x00, 0x00, 0x00, 0x00, 0x00, 0x00, 0x00, 0x00, 0x00, 0x00, 0x00, 0x00, 0x00, 0x00, 0x00, 0x00, 0x00, 0x00, 0x00, 0x00, 0x00, 0x00, 0x00, 0x00,  // Code for char
        0x07, 0x00, 0x00, 0x00, 0x80, 0x00, 0x00, 0xD0, 0x67, 0x0F, 0xE0, 0x7F, 0x0F, 0xE0, 0x1F, 0x0F, 0x40, 0x01, 0x06, 0x80, 0x00, 0x00, 0x00, 0x00, 0x00, 0x00, 0x00, 0x00, 0x00, 0x00, 0x00, 0x00, 0x00, 0x00, 0x00, 0x00, 0x00, 0x00, 0x00, 0x00, 0x00, 0x00, 0x00, 0x00, 0x00, 0x00, 0x00, 0x00, 0x00, 0x00, 0x00, 0x00, 0x00, 0x00, 0x00, 0x00, 0x00, 0x00,  // Code for char !
        0x08, 0x00, 0x00, 0x00, 0xF0, 0x01, 0x00, 0xF0, 0x03, 0x00, 0xE0, 0x00, 0x00, 0x00, 0x00, 0x00, 0xF0, 0x01, 0x00, 0xF0, 0x03, 0x00, 0xE0, 0x00, 0x00, 0x00, 0x00, 0x00, 0x00, 0x00, 0x00, 0x00, 0x00, 0x00, 0x00, 0x00, 0x00, 0x00, 0x00, 0x00, 0x00, 0x00, 0x00, 0x00, 0x00, 0x00, 0x00, 0x00, 0x00, 0x00, 0x00, 0x00, 0x00, 0x00, 0x00, 0x00, 0x00, 0x00,  // Code for char "
        0x0D, 0x00, 0x00, 0x00, 0x00, 0x6A, 0x00, 0x00, 0x6A, 0x00, 0x00, 0xEA, 0x0F, 0xC0, 0xFF, 0x0F, 0xF0, 0xF3, 0x01, 0xF0, 0x6B, 0x00, 0x00, 0xEA, 0x07, 0x80, 0xFF, 0x0B, 0xF0, 0xBF, 0x07, 0xF0, 0x6B, 0x00, 0x20, 0x6A, 0x00, 0x00, 0x7E, 0x00, 0x00, 0x00, 0x00, 0x00, 0x00, 0x00, 0x00, 0x00, 0x00, 0x00, 0x00, 0x00, 0x00, 0x00, 0x00, 0x00, 0x00, 0x00,  // Code for char #
        0x0D, 0x00, 0x00, 0x0A, 0xC0, 0xC1, 0x0B, 0xF0, 0x8F, 0x0B, 0x10, 0xD7, 0x0A, 0xF0, 0x17, 0x0D, 0x10, 0x1E, 0x16, 0xFC, 0xFF, 0x3F, 0xFC, 0xEF, 0x37, 0x50, 0x1C, 0x0C, 0xF0, 0x3C, 0x0A, 0xB0, 0xF8, 0x07, 0x70, 0xF8, 0x02, 0x10, 0xF0, 0x01, 0x00, 0x00, 0x00, 0x00, 0x00, 0x00, 0x00, 0x00, 0x00, 0x00, 0x00, 0x00, 0x00, 0x00, 0x00, 0x00, 0x00, 0x00,  // Code for char $
        0x0F, 0xC0, 0x01, 0x00, 0x20, 0x02, 0x00, 0xF0, 0x07, 0x00, 0x30, 0x14, 0x0E, 0x10, 0x94, 0x07, 0x30, 0x4E, 0x01, 0xE0, 0xF3, 0x00, 0x00, 0x3C, 0x00, 0x00, 0xCF, 0x03, 0xC0, 0xF3, 0x0E, 0xE0, 0x30, 0x09, 0x70, 0x30, 0x08, 0x10, 0x30, 0x0C, 0x00, 0xF0, 0x07, 0x00, 0xC0, 0x03, 0x00, 0x00, 0x00, 0x00, 0x00, 0x00, 0x00, 0x00, 0x00, 0x00, 0x00, 0x00,  // Code for char %
        0x11, 0x00, 0x00, 0x00, 0x00, 0x00, 0x00, 0x00, 0xF0, 0x00, 0x00, 0xFC, 0x07, 0x00, 0xFC, 0x0B, 0x00, 0xFE, 0x0F, 0xE0, 0x0B, 0x0E, 0xF0, 0x07, 0x0C, 0xF0, 0x3F, 0x0C, 0x30, 0x7F, 0x0E, 0x90, 0xFA, 0x07, 0xF0, 0xE5, 0x03, 0xE0, 0x78, 0x03, 0x00, 0xF0, 0x0F, 0x00, 0x30, 0x0E, 0x00, 0x00, 0x0E, 0x00, 0x00, 0x06, 0x00, 0x00, 0x00, 0x00, 0x00, 0x00,  // Code for char &
        0x04, 0x00, 0x00, 0x00, 0xF0, 0x01, 0x00, 0xF0, 0x03, 0x00, 0x30, 0x00, 0x00, 0x00, 0x00, 0x00, 0x00, 0x00, 0x00, 0x00, 0x00, 0x00, 0x00, 0x00, 0x00, 0x00, 0x00, 0x00, 0x00, 0x00, 0x00, 0x00, 0x00, 0x00, 0x00, 0x00, 0x00, 0x00, 0x00, 0x00, 0x00, 0x00, 0x00, 0x00, 0x00, 0x00, 0x00, 0x00, 0x00, 0x00, 0x00, 0x00, 0x00, 0x00, 0x00, 0x00, 0x00, 0x00,  // Code for char '
        0x09, 0x00, 0x00, 0x00, 0x80, 0xFF, 0x00, 0xE0, 0xFF, 0x03, 0xF0, 0xFF, 0x17, 0x38, 0x00, 0x2E, 0xCC, 0xFF, 0x3B, 0x74, 0x00, 0x3C, 0x14, 0x00, 0x30, 0x1C, 0x00, 0x20, 0x00, 0x00, 0x00, 0x00, 0x00, 0x00, 0x00, 0x00, 0x00, 0x00, 0x00, 0x00, 0x00, 0x00, 0x00, 0x00, 0x00, 0x00, 0x00, 0x00, 0x00, 0x00, 0x00, 0x00, 0x00, 0x00, 0x00, 0x00, 0x00, 0x00,  // Code for char (
        0x09, 0x00, 0x00, 0x00, 0x00, 0x00, 0x00, 0x04, 0x00, 0x30, 0x0C, 0x00, 0x38, 0x18, 0x00, 0x3E, 0xF8, 0xFF, 0x1F, 0xF0, 0xFF, 0x0F, 0xE0, 0xFF, 0x07, 0x80, 0xFF, 0x00, 0x00, 0x00, 0x00, 0x00, 0x00, 0x00, 0x00, 0x00, 0x00, 0x00, 0x00, 0x00, 0x00, 0x00, 0x00, 0x00, 0x00, 0x00, 0x00, 0x00, 0x00, 0x00, 0x00, 0x00, 0x00, 0x00, 0x00, 0x00, 0x00, 0x00,  // Code for char )
        0x08, 0x40, 0x00, 0x00, 0xA0, 0x01, 0x00, 0xC0, 0x01, 0x00, 0xF0, 0x03, 0x00, 0xF0, 0x02, 0x00, 0x50, 0x03, 0x00, 0xE0, 0x02, 0x00, 0xC0, 0x01, 0x00, 0x00, 0x00, 0x00, 0x00, 0x00, 0x00, 0x00, 0x00, 0x00, 0x00, 0x00, 0x00, 0x00, 0x00, 0x00, 0x00, 0x00, 0x00, 0x00, 0x00, 0x00, 0x00, 0x00, 0x00, 0x00, 0x00, 0x00, 0x00, 0x00, 0x00, 0x00, 0x00, 0x00,  // Code for char *
        0x0C, 0x00, 0x00, 0x00, 0x00, 0x00, 0x00, 0x00, 0x28, 0x00, 0x00, 0x28, 0x00, 0x00, 0x28, 0x00, 0x00, 0x28, 0x00, 0x80, 0xFF, 0x01, 0x00, 0xEF, 0x01, 0x00, 0x28, 0x00, 0x00, 0x28, 0x00, 0x00, 0x28, 0x00, 0x00, 0x38, 0x00, 0x00, 0x00, 0x00, 0x00, 0x00, 0x00, 0x00, 0x00, 0x00, 0x00, 0x00, 0x00, 0x00, 0x00, 0x00, 0x00, 0x00, 0x00, 0x00, 0x00, 0x00,  // Code for char +
        0x05, 0x00, 0x00, 0x40, 0x00, 0x00, 0x62, 0x00, 0x00, 0x3E, 0x00, 0x00, 0x1F, 0x00, 0x00, 0x0E, 0x00, 0x00, 0x00, 0x00, 0x00, 0x00, 0x00, 0x00, 0x00, 0x00, 0x00, 0x00, 0x00, 0x00, 0x00, 0x00, 0x00, 0x00, 0x00, 0x00, 0x00, 0x00, 0x00, 0x00, 0x00, 0x00, 0x00, 0x00, 0x00, 0x00, 0x00, 0x00, 0x00, 0x00, 0x00, 0x00, 0x00, 0x00, 0x00, 0x00, 0x00, 0x00,  // Code for char ,
        0x08, 0x00, 0x08, 0x00, 0x00, 0x28, 0x00, 0x00, 0x28, 0x00, 0x00, 0x28, 0x00, 0x00, 0x28, 0x00, 0x00, 0x28, 0x00, 0x00, 0x38, 0x00, 0x00, 0x20, 0x00, 0x00, 0x00, 0x00, 0x00, 0x00, 0x00, 0x00, 0x00, 0x00, 0x00, 0x00, 0x00, 0x00, 0x00, 0x00, 0x00, 0x00, 0x00, 0x00, 0x00, 0x00, 0x00, 0x00, 0x00, 0x00, 0x00, 0x00, 0x00, 0x00, 0x00, 0x00, 0x00, 0x00,  // Code for char -
        0x05, 0x00, 0x00, 0x00, 0x00, 0x00, 0x07, 0x00, 0x00, 0x0F, 0x00, 0x00, 0x0F, 0x00, 0x00, 0x06, 0x00, 0x00, 0x00, 0x00, 0x00, 0x00, 0x00, 0x00, 0x00, 0x00, 0x00, 0x00, 0x00, 0x00, 0x00, 0x00, 0x00, 0x00, 0x00, 0x00, 0x00, 0x00, 0x00, 0x00, 0x00, 0x00, 0x00, 0x00, 0x00, 0x00, 0x00, 0x00, 0x00, 0x00, 0x00, 0x00, 0x00, 0x00, 0x00, 0x00, 0x00, 0x00,  // Code for char .
        0x0D, 0x00, 0x00, 0x38, 0x00, 0x00, 0x14, 0x00, 0x00, 0x0F, 0x00, 0xC0, 0x03, 0x00, 0xA0, 0x00, 0x00, 0x78, 0x00, 0x00, 0x1E, 0x00, 0x00, 0x07, 0x00, 0xC0, 0x03, 0x00, 0xF0, 0x00, 0x00, 0x38, 0x00, 0x00, 0x1C, 0x00, 0x00, 0x04, 0x00, 0x00, 0x00, 0x00, 0x00, 0x00, 0x00, 0x00, 0x00, 0x00, 0x00, 0x00, 0x00, 0x00, 0x00, 0x00, 0x00, 0x00, 0x00, 0x00,  // Code for char /
        0x0D, 0x00, 0x00, 0x00, 0x00, 0x7F, 0x00, 0xC0, 0xFF, 0x05, 0x60, 0x80, 0x0B, 0xB0, 0xFF, 0x0F, 0x70, 0x00, 0x0E, 0x30, 0x00, 0x0C, 0x30, 0x00, 0x0C, 0x30, 0x00, 0x0E, 0x70, 0x00, 0x07, 0xE0, 0xFF, 0x07, 0xC0, 0xFF, 0x03, 0x00, 0x7F, 0x00, 0x00, 0x00, 0x00, 0x00, 0x00, 0x00, 0x00, 0x00, 0x00, 0x00, 0x00, 0x00, 0x00, 0x00, 0x00, 0x00, 0x00, 0x00,  // Code for char 0
        0x0B, 0x00, 0x00, 0x00, 0x00, 0x00, 0x00, 0x00, 0x00, 0x00, 0x60, 0x00, 0x00, 0x40, 0x00, 0x08, 0x40, 0x00, 0x0C, 0xF0, 0xFF, 0x0F, 0xF0, 0xFF, 0x0F, 0xF0, 0xFF, 0x0F, 0x00, 0x00, 0x0C, 0x00, 0x00, 0x08, 0x00, 0x00, 0x00, 0x00, 0x00, 0x00, 0x00, 0x00, 0x00, 0x00, 0x00, 0x00, 0x00, 0x00, 0x00, 0x00, 0x00, 0x00, 0x00, 0x00, 0x00, 0x00, 0x00, 0x00,  // Code for char 1
        0x0D, 0x00, 0x00, 0x00, 0xC0, 0x01, 0x04, 0xE0, 0x03, 0x0F, 0x30, 0x87, 0x0F, 0x10, 0xC6, 0x0D, 0xD0, 0x67, 0x0D, 0x30, 0xA5, 0x0C, 0x30, 0x72, 0x0C, 0x70, 0x58, 0x0C, 0xA0, 0x3C, 0x0C, 0xE0, 0x1F, 0x0C, 0xE0, 0x0F, 0x0E, 0x80, 0x07, 0x0F, 0x00, 0x00, 0x00, 0x00, 0x00, 0x00, 0x00, 0x00, 0x00, 0x00, 0x00, 0x00, 0x00, 0x00, 0x00, 0x00, 0x00, 0x00,  // Code for char 2
        0x0D, 0x00, 0x00, 0x00, 0x00, 0x80, 0x00, 0xC0, 0xC1, 0x03, 0xE0, 0xC1, 0x0B, 0xF0, 0xC1, 0x0F, 0x30, 0x15, 0x0E, 0x30, 0x0F, 0x0C, 0x30, 0x0E, 0x0C, 0x30, 0x0F, 0x0E, 0xE0, 0xFF, 0x0F, 0xC0, 0xFB, 0x07, 0xE0, 0xF9, 0x03, 0x00, 0xE0, 0x01, 0x00, 0x00, 0x00, 0x00, 0x00, 0x00, 0x00, 0x00, 0x00, 0x00, 0x00, 0x00, 0x00, 0x00, 0x00, 0x00, 0x00, 0x00,  // Code for char 3
        0x0E, 0x00, 0x00, 0x00, 0x00, 0xE0, 0x00, 0x00, 0xD0, 0x00, 0x00, 0xEC, 0x00, 0x80, 0xDF, 0x00, 0xF0, 0xC7, 0x00, 0xF0, 0xC3, 0x08, 0xF0, 0xC0, 0x0C, 0x30, 0xFF, 0x0F, 0x80, 0xFF, 0x0F, 0x80, 0x7F, 0x0F, 0x00, 0x40, 0x0C, 0x00, 0xC0, 0x0A, 0x00, 0x80, 0x01, 0x00, 0x00, 0x00, 0x00, 0x00, 0x00, 0x00, 0x00, 0x00, 0x00, 0x00, 0x00, 0x00, 0x00, 0x00,  // Code for char 4
        0x0D, 0x00, 0x00, 0x00, 0x00, 0x80, 0x03, 0xF0, 0xC7, 0x07, 0x10, 0x0E, 0x0E, 0x90, 0xCB, 0x09, 0x90, 0x06, 0x0A, 0x90, 0x06, 0x08, 0x90, 0x06, 0x08, 0x90, 0x06, 0x0C, 0x90, 0x0E, 0x0E, 0xDC, 0xFC, 0x07, 0x4C, 0xFC, 0x03, 0x38, 0xF8, 0x01, 0x00, 0x00, 0x00, 0x00, 0x00, 0x00, 0x00, 0x00, 0x00, 0x00, 0x00, 0x00, 0x00, 0x00, 0x00, 0x00, 0x00, 0x00,  // Code for char 5
        0x0D, 0x00, 0x00, 0x00, 0x00, 0x7F, 0x00, 0xC0, 0xFF, 0x01, 0xE0, 0x00, 0x03, 0xA0, 0xFD, 0x06, 0x50, 0x0A, 0x0F, 0x30, 0x05, 0x0C, 0x30, 0x05, 0x0C, 0x50, 0x19, 0x0E, 0x70, 0x03, 0x0F, 0xF0, 0xFE, 0x07, 0xA0, 0xFC, 0x03, 0x40, 0xF8, 0x00, 0x00, 0x00, 0x00, 0x00, 0x00, 0x00, 0x00, 0x00, 0x00, 0x00, 0x00, 0x00, 0x00, 0x00, 0x00, 0x00, 0x00, 0x00,  // Code for char 6
        0x0D, 0x00, 0x00, 0x00, 0x00, 0x00, 0x00, 0x00, 0x01, 0x00, 0xF0, 0x01, 0x00, 0x90, 0x01, 0x00, 0x90, 0x00, 0x00, 0x90, 0x80, 0x0F, 0x90, 0xE0, 0x0F, 0x90, 0xF0, 0x0F, 0x90, 0xF8, 0x0F, 0x90, 0x3E, 0x00, 0x90, 0x07, 0x00, 0xF0, 0x01, 0x00, 0x00, 0x00, 0x00, 0x00, 0x00, 0x00, 0x00, 0x00, 0x00, 0x00, 0x00, 0x00, 0x00, 0x00, 0x00, 0x00, 0x00, 0x00,  // Code for char 7
        0x0E, 0x00, 0x00, 0x00, 0x00, 0xE0, 0x01, 0xE0, 0xF1, 0x03, 0xF0, 0x1B, 0x06, 0x10, 0xEF, 0x0F, 0xE8, 0x17, 0x08, 0x38, 0x0E, 0x08, 0x55, 0x0E, 0x08, 0x5B, 0x0E, 0x08, 0x76, 0x1D, 0x08, 0xE0, 0x3A, 0x0C, 0xE0, 0xF9, 0x07, 0x00, 0xF0, 0x03, 0x00, 0xE0, 0x01, 0x00, 0x00, 0x00, 0x00, 0x00, 0x00, 0x00, 0x00, 0x00, 0x00, 0x00, 0x00, 0x00, 0x00, 0x00,  // Code for char 8
        0x0D, 0x00, 0x00, 0x00, 0x80, 0x0F, 0x00, 0xC0, 0x1F, 0x20, 0x60, 0x38, 0x60, 0xD0, 0x77, 0x60, 0x70, 0x68, 0x50, 0x30, 0x60, 0x30, 0x30, 0x60, 0x28, 0x30, 0x30, 0x1E, 0x60, 0xEC, 0x0F, 0xE0, 0xFF, 0x07, 0xC0, 0xFF, 0x01, 0x00, 0x7F, 0x00, 0x00, 0x00, 0x00, 0x00, 0x00, 0x00, 0x00, 0x00, 0x00, 0x00, 0x00, 0x00, 0x00, 0x00, 0x00, 0x00, 0x00, 0x00,  // Code for char 9
        0x05, 0x00, 0x00, 0x00, 0x80, 0x03, 0x07, 0x80, 0x07, 0x0F, 0x80, 0x07, 0x0F, 0x00, 0x03, 0x06, 0x00, 0x00, 0x00, 0x00, 0x00, 0x00, 0x00, 0x00, 0x00, 0x00, 0x00, 0x00, 0x00, 0x00, 0x00, 0x00, 0x00, 0x00, 0x00, 0x00, 0x00, 0x00, 0x00, 0x00, 0x00, 0x00, 0x00, 0x00, 0x00, 0x00, 0x00, 0x00, 0x00, 0x00, 0x00, 0x00, 0x00, 0x00, 0x00, 0x00, 0x00, 0x00,  // Code for char :
        0x05, 0x00, 0x00, 0x40, 0x80, 0x03, 0x62, 0x80, 0x07, 0x3E, 0x80, 0x07, 0x1F, 0x00, 0x03, 0x0E, 0x00, 0x00, 0x00, 0x00, 0x00, 0x00, 0x00, 0x00, 0x00, 0x00, 0x00, 0x00, 0x00, 0x00, 0x00, 0x00, 0x00, 0x00, 0x00, 0x00, 0x00, 0x00, 0x00, 0x00, 0x00, 0x00, 0x00, 0x00, 0x00, 0x00, 0x00, 0x00, 0x00, 0x00, 0x00, 0x00, 0x00, 0x00, 0x00, 0x00, 0x00, 0x00,  // Code for char ;
        0x0B, 0x00, 0x00, 0x00, 0x00, 0x08, 0x00, 0x00, 0x0C, 0x00, 0x00, 0x1C, 0x00, 0x00, 0x3E, 0x00, 0x00, 0x39, 0x00, 0x00, 0x71, 0x00, 0x80, 0xE0, 0x00, 0x80, 0xE0, 0x01, 0x40, 0xC0, 0x01, 0x20, 0x80, 0x03, 0x00, 0x00, 0x00, 0x00, 0x00, 0x00, 0x00, 0x00, 0x00, 0x00, 0x00, 0x00, 0x00, 0x00, 0x00, 0x00, 0x00, 0x00, 0x00, 0x00, 0x00, 0x00, 0x00, 0x00,  // Code for char <
        0x0C, 0x00, 0x00, 0x00, 0x00, 0x66, 0x00, 0x00, 0xEE, 0x00, 0x00, 0xEE, 0x00, 0x00, 0xEE, 0x00, 0x00, 0xEE, 0x00, 0x00, 0xEE, 0x00, 0x00, 0xEE, 0x00, 0x00, 0xEE, 0x00, 0x00, 0xEE, 0x00, 0x00, 0xEE, 0x00, 0x00, 0xCE, 0x00, 0x00, 0x00, 0x00, 0x00, 0x00, 0x00, 0x00, 0x00, 0x00, 0x00, 0x00, 0x00, 0x00, 0x00, 0x00, 0x00, 0x00, 0x00, 0x00, 0x00, 0x00,  // Code for char =
        0x0B, 0x00, 0x00, 0x00, 0xE0, 0x00, 0x02, 0xC0, 0x01, 0x01, 0x80, 0x83, 0x01, 0x80, 0x83, 0x00, 0x00, 0x47, 0x00, 0x00, 0x6E, 0x00, 0x00, 0x2E, 0x00, 0x00, 0x1C, 0x00, 0x00, 0x1C, 0x00, 0x00, 0x08, 0x00, 0x00, 0x00, 0x00, 0x00, 0x00, 0x00, 0x00, 0x00, 0x00, 0x00, 0x00, 0x00, 0x00, 0x00, 0x00, 0x00, 0x00, 0x00, 0x00, 0x00, 0x00, 0x00, 0x00, 0x00,  // Code for char >
        0x0A, 0xC0, 0x03, 0x00, 0xE0, 0x01, 0x00, 0x30, 0x03, 0x00, 0xD0, 0x71, 0x07, 0x50, 0x1D, 0x0F, 0x70, 0xEE, 0x0F, 0xF0, 0x37, 0x06, 0xE0, 0x1B, 0x00, 0xE0, 0x0D, 0x00, 0xC0, 0x03, 0x00, 0x00, 0x00, 0x00, 0x00, 0x00, 0x00, 0x00, 0x00, 0x00, 0x00, 0x00, 0x00, 0x00, 0x00, 0x00, 0x00, 0x00, 0x00, 0x00, 0x00, 0x00, 0x00, 0x00, 0x00, 0x00, 0x00, 0x00,  // Code for char ?
        0x11, 0x00, 0x00, 0x00, 0x00, 0x3E, 0x00, 0x80, 0xC1, 0x00, 0xC0, 0x7E, 0x01, 0xE0, 0xBF, 0x0B, 0xE0, 0x7F, 0x0A, 0xD0, 0xC1, 0x0C, 0xB0, 0xFE, 0x0C, 0xB0, 0xC1, 0x0C, 0xB0, 0xB0, 0x0C, 0xB0, 0xFF, 0x0C, 0xB0, 0xC3, 0x0C, 0xB0, 0xFF, 0x06, 0x60, 0xC0, 0x06, 0xE0, 0x70, 0x00, 0x40, 0x3F, 0x00, 0x80, 0x0F, 0x00, 0x00, 0x00, 0x00, 0x00, 0x00, 0x00,  // Code for char @
        0x12, 0x00, 0x00, 0x08, 0x00, 0x00, 0x0C, 0x00, 0x00, 0x0E, 0x00, 0x86, 0x0F, 0x00, 0x7D, 0x0C, 0x00, 0xFE, 0x0F, 0x90, 0x1F, 0x08, 0x70, 0x7B, 0x00, 0xF0, 0xE0, 0x01, 0xF0, 0xF3, 0x00, 0xF0, 0x5F, 0x00, 0xD0, 0xFF, 0x0C, 0x00, 0xFE, 0x0F, 0x00, 0xF6, 0x0F, 0x00, 0xD6, 0x0F, 0x00, 0x08, 0x0E, 0x00, 0x00, 0x0C, 0x00, 0x00, 0x08, 0x00, 0x00, 0x00,  // Code for char A
        0x0E, 0x00, 0x14, 0x08, 0x20, 0x14, 0x0C, 0xE0, 0xFF, 0x0F, 0xF0, 0xFF, 0x0F, 0x10, 0x04, 0x0C, 0xF0, 0xF7, 0x0F, 0x30, 0x14, 0x0C, 0x30, 0x14, 0x0C, 0x30, 0x14, 0x0C, 0x30, 0x1E, 0x0C, 0xE0, 0x2F, 0x0E, 0xE0, 0xFB, 0x0F, 0xE0, 0xF5, 0x07, 0xC0, 0xF3, 0x03, 0x00, 0x00, 0x00, 0x00, 0x00, 0x00, 0x00, 0x00, 0x00, 0x00, 0x00, 0x00, 0x00, 0x00, 0x00,  // Code for char B
        0x0E, 0x00, 0x00, 0x00, 0x00, 0xFE, 0x00, 0x80, 0xFF, 0x03, 0xC0, 0xFF, 0x07, 0xE0, 0xFF, 0x07, 0xF0, 0x00, 0x0F, 0x30, 0x00, 0x0C, 0x30, 0x00, 0x08, 0x30, 0x00, 0x08, 0x30, 0x00, 0x0C, 0xF0, 0x00, 0x06, 0xF0, 0xE0, 0x07, 0x30, 0xC0, 0x01, 0x20, 0x00, 0x00, 0x00, 0x00, 0x00, 0x00, 0x00, 0x00, 0x00, 0x00, 0x00, 0x00, 0x00, 0x00, 0x00, 0x00, 0x00,  // Code for char C
        0x0E, 0x00, 0x00, 0x08, 0x10, 0x00, 0x0C, 0xF0, 0xFF, 0x0F, 0xF0, 0xFF, 0x0F, 0x10, 0x00, 0x0C, 0xD0, 0xFF, 0x0F, 0x50, 0x00, 0x0C, 0x50, 0x00, 0x0C, 0x70, 0x00, 0x0C, 0x30, 0x00, 0x06, 0xE0, 0x80, 0x07, 0xE0, 0xFF, 0x03, 0xC0, 0xFF, 0x01, 0x00, 0x7F, 0x00, 0x00, 0x00, 0x00, 0x00, 0x00, 0x00, 0x00, 0x00, 0x00, 0x00, 0x00, 0x00, 0x00, 0x00, 0x00,  // Code for char D
        0x0F, 0x10, 0x38, 0x08, 0x10, 0x14, 0x04, 0xF0, 0xFF, 0x0F, 0xF0, 0xFF, 0x0F, 0x10, 0x04, 0x0C, 0x10, 0x04, 0x0C, 0xD0, 0xF7, 0x0F, 0x50, 0x14, 0x0C, 0x50, 0x14, 0x0C, 0x50, 0x3F, 0x0C, 0x70, 0x00, 0x0E, 0xF0, 0x80, 0x0F, 0x30, 0x80, 0x0E, 0x10, 0x00, 0x0F, 0x00, 0x00, 0x0C, 0x00, 0x00, 0x00, 0x00, 0x00, 0x00, 0x00, 0x00, 0x00, 0x00, 0x00, 0x00,  // Code for char E
        0x0E, 0x10, 0x18, 0x08, 0x10, 0x14, 0x0C, 0xF0, 0xFF, 0x0F, 0xF0, 0xFF, 0x0F, 0x10, 0x04, 0x0C, 0xD0, 0xF7, 0x0F, 0x50, 0x14, 0x0C, 0x50, 0x14, 0x08, 0x50, 0x0E, 0x00, 0x70, 0x3F, 0x00, 0x70, 0x00, 0x00, 0xF0, 0x00, 0x00, 0x30, 0x00, 0x00, 0x10, 0x00, 0x00, 0x00, 0x00, 0x00, 0x00, 0x00, 0x00, 0x00, 0x00, 0x00, 0x00, 0x00, 0x00, 0x00, 0x00, 0x00,  // Code for char F
        0x10, 0x00, 0x00, 0x00, 0x00, 0x7F, 0x00, 0x80, 0xFF, 0x00, 0xC0, 0xFF, 0x03, 0xE0, 0xFF, 0x0B, 0xF0, 0x08, 0x0F, 0x70, 0x17, 0x0E, 0x30, 0x14, 0x0C, 0x30, 0x14, 0x0C, 0x30, 0x14, 0x0C, 0x60, 0x14, 0x0C, 0x60, 0xFC, 0x0F, 0xE0, 0xFC, 0x0F, 0x30, 0xFC, 0x0F, 0x00, 0x04, 0x0C, 0x00, 0x00, 0x08, 0x00, 0x00, 0x00, 0x00, 0x00, 0x00, 0x00, 0x00, 0x00,  // Code for char G
        0x0F, 0x10, 0x18, 0x08, 0x10, 0x0C, 0x0C, 0xF0, 0xFF, 0x0F, 0xF0, 0xFF, 0x0F, 0x10, 0x0C, 0x0C, 0xF0, 0xFF, 0x0F, 0x10, 0x18, 0x0C, 0x00, 0x18, 0x08, 0x00, 0x18, 0x08, 0x10, 0x18, 0x0C, 0xF0, 0xFF, 0x0F, 0xF0, 0xFF, 0x0F, 0xF0, 0xFF, 0x0F, 0x10, 0x00, 0x0C, 0x00, 0x00, 0x08, 0x00, 0x00, 0x00, 0x00, 0x00, 0x00, 0x00, 0x00, 0x00, 0x00, 0x00, 0x00,  // Code for char H
        0x07, 0x10, 0x00, 0x08, 0x10, 0x00, 0x0C, 0xF0, 0xFF, 0x0F, 0xF0, 0xFF, 0x0F, 0xF0, 0xFF, 0x0F, 0x10, 0x00, 0x0C, 0x00, 0x00, 0x08, 0x00, 0x00, 0x00, 0x00, 0x00, 0x00, 0x00, 0x00, 0x00, 0x00, 0x00, 0x00, 0x00, 0x00, 0x00, 0x00, 0x00, 0x00, 0x00, 0x00, 0x00, 0x00, 0x00, 0x00, 0x00, 0x00, 0x00, 0x00, 0x00, 0x00, 0x00, 0x00, 0x00, 0x00, 0x00, 0x00,  // Code for char I
        0x0C, 0x00, 0x80, 0x00, 0x00, 0xC0, 0x01, 0x00, 0xE0, 0x0B, 0x00, 0xF0, 0x0F, 0x00, 0xC0, 0x0F, 0x00, 0x00, 0x0C, 0x10, 0x00, 0x0C, 0x10, 0x00, 0x0E, 0xF0, 0xFF, 0x0B, 0xF0, 0xFF, 0x07, 0xF0, 0xFF, 0x02, 0x10, 0x00, 0x01, 0x00, 0x00, 0x00, 0x00, 0x00, 0x00, 0x00, 0x00, 0x00, 0x00, 0x00, 0x00, 0x00, 0x00, 0x00, 0x00, 0x00, 0x00, 0x00, 0x00, 0x00,  // Code for char J
        0x11, 0x10, 0x00, 0x08, 0x10, 0x00, 0x0C, 0xF0, 0xFF, 0x0F, 0xF0, 0xFF, 0x0F, 0x10, 0x10, 0x0C, 0xF0, 0xDF, 0x0F, 0x10, 0x38, 0x0C, 0x00, 0x16, 0x08, 0x00, 0x1F, 0x00, 0x90, 0x7F, 0x08, 0xF0, 0xF8, 0x0D, 0x70, 0xE0, 0x0F, 0x30, 0x80, 0x0F, 0x10, 0x00, 0x0E, 0x10, 0x00, 0x0C, 0x00, 0x00, 0x08, 0x00, 0x00, 0x08, 0x00, 0x00, 0x00, 0x00, 0x00, 0x00,  // Code for char K
        0x0E, 0x10, 0x00, 0x08, 0x10, 0x00, 0x0C, 0xF0, 0xFF, 0x0F, 0xF0, 0xFF, 0x0F, 0x10, 0x00, 0x0C, 0xF0, 0xFF, 0x0F, 0x10, 0x00, 0x0C, 0x00, 0x00, 0x0C, 0x00, 0x00, 0x0C, 0x00, 0x00, 0x0E, 0x00, 0x40, 0x0F, 0x00, 0x80, 0x0F, 0x00, 0x00, 0x0F, 0x00, 0x00, 0x04, 0x00, 0x00, 0x00, 0x00, 0x00, 0x00, 0x00, 0x00, 0x00, 0x00, 0x00, 0x00, 0x00, 0x00, 0x00,  // Code for char L
        0x12, 0x10, 0x00, 0x0C, 0x10, 0x00, 0x0C, 0xF0, 0xFF, 0x0F, 0x70, 0x00, 0x0C, 0xF0, 0xFF, 0x0F, 0xF0, 0x07, 0x0C, 0xF0, 0x3F, 0x08, 0x90, 0xFF, 0x01, 0x00, 0xFC, 0x0F, 0x00, 0xE0, 0x0F, 0x00, 0xF8, 0x01, 0x10, 0x3F, 0x08, 0xF0, 0x04, 0x0C, 0xF0, 0xFF, 0x0F, 0xF0, 0xFF, 0x0F, 0xF0, 0xFF, 0x0F, 0x10, 0x00, 0x0C, 0x00, 0x00, 0x08, 0x00, 0x00, 0x00,  // Code for char M
        0x0F, 0x10, 0x00, 0x08, 0x10, 0x00, 0x0C, 0xF0, 0xFF, 0x0F, 0x70, 0x00, 0x0E, 0xF0, 0xFF, 0x0F, 0xF0, 0x01, 0x0C, 0xF0, 0x07, 0x08, 0x90, 0x1F, 0x00, 0x00, 0x7E, 0x00, 0x10, 0xF8, 0x03, 0x10, 0xA0, 0x0F, 0xF0, 0xFF, 0x0F, 0xD0, 0xFF, 0x0F, 0x30, 0x00, 0x00, 0x20, 0x00, 0x00, 0x00, 0x00, 0x00, 0x00, 0x00, 0x00, 0x00, 0x00, 0x00, 0x00, 0x00, 0x00,  // Code for char N
        0x0E, 0x00, 0x00, 0x00, 0x00, 0x7F, 0x00, 0xC0, 0xFF, 0x01, 0xE0, 0xFF, 0x03, 0x60, 0xFF, 0x0B, 0xF0, 0x00, 0x0F, 0x30, 0x00, 0x0C, 0x30, 0x00, 0x0C, 0x30, 0x00, 0x0E, 0x60, 0x00, 0x0F, 0xF0, 0xFF, 0x07, 0xE0, 0xFF, 0x03, 0xC0, 0xFF, 0x01, 0x00, 0x7F, 0x00, 0x00, 0x00, 0x00, 0x00, 0x00, 0x00, 0x00, 0x00, 0x00, 0x00, 0x00, 0x00, 0x00, 0x00, 0x00,  // Code for char O
        0x0F, 0x00, 0x00, 0x00, 0x00, 0x18, 0x08, 0x10, 0x18, 0x0C, 0xF0, 0xFF, 0x0F, 0xF0, 0xFF, 0x0F, 0x10, 0x08, 0x0C, 0xD0, 0xFF, 0x0F, 0x50, 0x08, 0x0C, 0x50, 0x08, 0x08, 0x70, 0x08, 0x00, 0xB0, 0x0C, 0x00, 0xE0, 0x0F, 0x00, 0xE0, 0x07, 0x00, 0xE0, 0x07, 0x00, 0xC0, 0x03, 0x00, 0x00, 0x00, 0x00, 0x00, 0x00, 0x00, 0x00, 0x00, 0x00, 0x00, 0x00, 0x00,  // Code for char P
        0x10, 0x00, 0x00, 0x00, 0x00, 0x7F, 0x00, 0xC0, 0xFF, 0x01, 0xE0, 0xFF, 0x03, 0xE0, 0xFF, 0x0B, 0x70, 0x00, 0x0F, 0x10, 0x00, 0x0E, 0x10, 0x00, 0x0D, 0x30, 0x80, 0x0F, 0x60, 0x00, 0x0F, 0xE0, 0xFF, 0x0F, 0xE0, 0xFF, 0x19, 0x20, 0x7F, 0x3F, 0xC0, 0xC0, 0x3C, 0x00, 0x3F, 0x18, 0x00, 0x00, 0x08, 0x00, 0x00, 0x00, 0x00, 0x00, 0x00, 0x00, 0x00, 0x00,  // Code for char Q
        0x10, 0x00, 0x50, 0x08, 0x20, 0x38, 0x0C, 0xE0, 0xFF, 0x0F, 0xF0, 0xFF, 0x0F, 0x10, 0x08, 0x0C, 0xF0, 0xEF, 0x0F, 0x30, 0x28, 0x0C, 0x30, 0x18, 0x08, 0x30, 0x1C, 0x00, 0x30, 0xF6, 0x00, 0xE0, 0xEF, 0x3F, 0xE0, 0x8B, 0x2F, 0xE0, 0x05, 0x1F, 0xC0, 0x03, 0x16, 0x00, 0x00, 0x14, 0x00, 0x00, 0x08, 0x00, 0x00, 0x00, 0x00, 0x00, 0x00, 0x00, 0x00, 0x00,  // Code for char R
        0x0D, 0x00, 0x00, 0x0E, 0xC0, 0xC3, 0x0B, 0xE0, 0x8F, 0x0B, 0x30, 0x0E, 0x0B, 0xF0, 0x1E, 0x0E, 0x10, 0x2C, 0x0C, 0x10, 0x2C, 0x0C, 0x10, 0x1C, 0x0C, 0x30, 0x38, 0x0C, 0xF0, 0x78, 0x0E, 0xF0, 0xF0, 0x07, 0x30, 0xE8, 0x03, 0x00, 0xF0, 0x01, 0x00, 0x00, 0x00, 0x00, 0x00, 0x00, 0x00, 0x00, 0x00, 0x00, 0x00, 0x00, 0x00, 0x00, 0x00, 0x00, 0x00, 0x00,  // Code for char S
        0x0E, 0xF0, 0x00, 0x00, 0xB0, 0x00, 0x00, 0x50, 0x00, 0x00, 0x50, 0x00, 0x08, 0x50, 0x00, 0x0C, 0xF0, 0xFF, 0x0F, 0xF0, 0xFF, 0x0F, 0xD0, 0xFF, 0x0D, 0x50, 0x00, 0x0E, 0x50, 0x00, 0x08, 0x70, 0x00, 0x00, 0x70, 0x00, 0x00, 0xD0, 0x00, 0x00, 0x30, 0x00, 0x00, 0x00, 0x00, 0x00, 0x00, 0x00, 0x00, 0x00, 0x00, 0x00, 0x00, 0x00, 0x00, 0x00, 0x00, 0x00,  // Code for char T
        0x0F, 0x10, 0x00, 0x00, 0x10, 0x00, 0x00, 0xF0, 0xFF, 0x01, 0xF0, 0xFF, 0x0B, 0x10, 0x00, 0x0E, 0xF0, 0xFF, 0x0D, 0x10, 0x00, 0x0E, 0x00, 0x00, 0x0C, 0x00, 0x00, 0x0C, 0x10, 0x00, 0x0C, 0x10, 0x00, 0x07, 0xF0, 0xFF, 0x07, 0xD0, 0xFF, 0x03, 0x30, 0x00, 0x00, 0x20, 0x00, 0x00, 0x00, 0x00, 0x00, 0x00, 0x00, 0x00, 0x00, 0x00, 0x00, 0x00, 0x00, 0x00,  // Code for char U
        0x11, 0x10, 0x00, 0x00, 0x30, 0x00, 0x00, 0xF0, 0x01, 0x00, 0xF0, 0x0F, 0x00, 0xF0, 0x7F, 0x08, 0x20, 0xFB, 0x0F, 0x00, 0xDC, 0x0F, 0x00, 0x20, 0x0F, 0x00, 0xC0, 0x0F, 0x00, 0xF8, 0x0C, 0x00, 0x1E, 0x08, 0xC4, 0x07, 0x00, 0xFC, 0x00, 0x00, 0x3C, 0x00, 0x00, 0x0A, 0x00, 0x00, 0x05, 0x00, 0x00, 0x02, 0x00, 0x00, 0x00, 0x00, 0x00, 0x00, 0x00, 0x00,  // Code for char V
        0x13, 0x10, 0x00, 0x00, 0x70, 0x00, 0x00, 0xF0, 0x07, 0x00, 0xD0, 0x3F, 0x04, 0xF0, 0xFF, 0x0F, 0x20, 0xEE, 0x0F, 0x00, 0xF0, 0x0F, 0x00, 0xFC, 0x0F, 0xC0, 0x3F, 0x08, 0xF0, 0x03, 0x08, 0xF0, 0x1F, 0x08, 0xE0, 0xFF, 0x0D, 0x00, 0xFF, 0x0F, 0x00, 0xD0, 0x0F, 0x00, 0xF8, 0x0F, 0x84, 0x3F, 0x0C, 0xFC, 0x07, 0x08, 0x6E, 0x00, 0x00, 0x1A, 0x00, 0x00,  // Code for char W
        0x11, 0x00, 0x00, 0x0C, 0x10, 0x00, 0x0C, 0x10, 0x00, 0x0E, 0x30, 0x80, 0x0F, 0xF0, 0xC0, 0x0D, 0xF0, 0xA1, 0x08, 0xF0, 0x7F, 0x00, 0x90, 0x1F, 0x00, 0x00, 0x3F, 0x00, 0x00, 0xF7, 0x0C, 0xD0, 0xF9, 0x0F, 0xF0, 0xA0, 0x0F, 0x50, 0xC0, 0x0E, 0x30, 0x00, 0x0D, 0x10, 0x00, 0x0E, 0x00, 0x00, 0x08, 0x00, 0x00, 0x08, 0x00, 0x00, 0x00, 0x00, 0x00, 0x00,  // Code for char X
        0x11, 0x10, 0x00, 0x00, 0x30, 0x00, 0x00, 0x70, 0x00, 0x00, 0xF0, 0x01, 0x08, 0xF0, 0x03, 0x08, 0xD0, 0x0F, 0x0C, 0x00, 0xFF, 0x0F, 0x00, 0xFA, 0x0F, 0x00, 0xFC, 0x0F, 0x00, 0x0F, 0x0C, 0x80, 0x03, 0x08, 0xE4, 0x01, 0x00, 0x7C, 0x00, 0x00, 0x1E, 0x00, 0x00, 0x0A, 0x00, 0x00, 0x05, 0x00, 0x00, 0x03, 0x00, 0x00, 0x00, 0x00, 0x00, 0x00, 0x00, 0x00,  // Code for char Y
        0x0F, 0x00, 0x00, 0x08, 0x30, 0x00, 0x0E, 0x70, 0x00, 0x0F, 0xB0, 0xC0, 0x0F, 0x50, 0xE0, 0x0F, 0x50, 0xF8, 0x0D, 0x50, 0xFC, 0x0C, 0x50, 0x3F, 0x0C, 0xD0, 0x1F, 0x0C, 0xF0, 0x07, 0x0C, 0xF0, 0x03, 0x0E, 0xF0, 0x80, 0x0F, 0x70, 0x80, 0x0E, 0x10, 0x00, 0x0B, 0x00, 0x00, 0x0C, 0x00, 0x00, 0x00, 0x00, 0x00, 0x00, 0x00, 0x00, 0x00, 0x00, 0x00, 0x00,  // Code for char Z
        0x09, 0x00, 0x00, 0x00, 0x00, 0x00, 0x00, 0xFC, 0xFF, 0x3F, 0xFC, 0xFF, 0x3F, 0xFC, 0xFF, 0x3F, 0xF4, 0xFF, 0x3F, 0x14, 0x00, 0x30, 0x14, 0x00, 0x30, 0x18, 0x00, 0x30, 0x00, 0x00, 0x00, 0x00, 0x00, 0x00, 0x00, 0x00, 0x00, 0x00, 0x00, 0x00, 0x00, 0x00, 0x00, 0x00, 0x00, 0x00, 0x00, 0x00, 0x00, 0x00, 0x00, 0x00, 0x00, 0x00, 0x00, 0x00, 0x00, 0x00,  // Code for char [
        0x0D, 0x1C, 0x00, 0x00, 0x78, 0x00, 0x00, 0xE0, 0x00, 0x00, 0x80, 0x03, 0x00, 0x00, 0x0F, 0x00, 0x00, 0x1C, 0x00, 0x00, 0x70, 0x00, 0x00, 0xE0, 0x01, 0x00, 0x80, 0x03, 0x00, 0x00, 0x0E, 0x00, 0x00, 0x1C, 0x00, 0x00, 0x30, 0x00, 0x00, 0x20, 0x00, 0x00, 0x00, 0x00, 0x00, 0x00, 0x00, 0x00, 0x00, 0x00, 0x00, 0x00, 0x00, 0x00, 0x00, 0x00, 0x00, 0x00,  // Code for char BackSlash
        0x08, 0x00, 0x00, 0x00, 0x00, 0x00, 0x20, 0x14, 0x00, 0x30, 0x14, 0x00, 0x30, 0x14, 0x00, 0x30, 0xFC, 0xFF, 0x3F, 0xFC, 0xFF, 0x3F, 0xFC, 0xFF, 0x3F, 0x00, 0x00, 0x00, 0x00, 0x00, 0x00, 0x00, 0x00, 0x00, 0x00, 0x00, 0x00, 0x00, 0x00, 0x00, 0x00, 0x00, 0x00, 0x00, 0x00, 0x00, 0x00, 0x00, 0x00, 0x00, 0x00, 0x00, 0x00, 0x00, 0x00, 0x00, 0x00, 0x00,  // Code for char ]
        0x0D, 0x00, 0x18, 0x00, 0x00, 0x1C, 0x00, 0x00, 0x1F, 0x00, 0x80, 0x0F, 0x00, 0xE0, 0x03, 0x00, 0xF0, 0x01, 0x00, 0x78, 0x00, 0x00, 0x60, 0x00, 0x00, 0xC0, 0x00, 0x00, 0x00, 0x03, 0x00, 0x00, 0x0C, 0x00, 0x00, 0x18, 0x00, 0x00, 0x10, 0x00, 0x00, 0x00, 0x00, 0x00, 0x00, 0x00, 0x00, 0x00, 0x00, 0x00, 0x00, 0x00, 0x00, 0x00, 0x00, 0x00, 0x00, 0x00,  // Code for char ^
        0x0C, 0x00, 0x00, 0x80, 0x00, 0x00, 0x80, 0x00, 0x00, 0x80, 0x00, 0x00, 0x80, 0x00, 0x00, 0x80, 0x00, 0x00, 0x80, 0x00, 0x00, 0x80, 0x00, 0x00, 0x80, 0x00, 0x00, 0x80, 0x00, 0x00, 0x80, 0x00, 0x00, 0x80, 0x00, 0x00, 0x80, 0x00, 0x00, 0x00, 0x00, 0x00, 0x00, 0x00, 0x00, 0x00, 0x00, 0x00, 0x00, 0x00, 0x00, 0x00, 0x00, 0x00, 0x00, 0x00, 0x00, 0x00,  // Code for char _
        0x08, 0x00, 0x00, 0x00, 0x00, 0x00, 0x00, 0x01, 0x00, 0x00, 0x01, 0x00, 0x00, 0x03, 0x00, 0x00, 0x02, 0x00, 0x00, 0x06, 0x00, 0x00, 0x04, 0x00, 0x00, 0x00, 0x00, 0x00, 0x00, 0x00, 0x00, 0x00, 0x00, 0x00, 0x00, 0x00, 0x00, 0x00, 0x00, 0x00, 0x00, 0x00, 0x00, 0x00, 0x00, 0x00, 0x00, 0x00, 0x00, 0x00, 0x00, 0x00, 0x00, 0x00, 0x00, 0x00, 0x00, 0x00,  // Code for char `
        0x12, 0x00, 0x00, 0x08, 0x00, 0x00, 0x0C, 0x00, 0x00, 0x0E, 0x00, 0x86, 0x0F, 0x00, 0x7D, 0x0C, 0x00, 0xFE, 0x0F, 0x90, 0x1F, 0x08, 0x70, 0x7B, 0x00, 0xF0, 0xE0, 0x01, 0xF0, 0xF3, 0x00, 0xF0, 0x5F, 0x00, 0xD0, 0xFF, 0x0C, 0x00, 0xFE, 0x0F, 0x00, 0xF6, 0x0F, 0x00, 0xD6, 0x0F, 0x00, 0x08, 0x0E, 0x00, 0x00, 0x0C, 0x00, 0x00, 0x08, 0x00, 0x00, 0x00,  // Code for char a
        0x0E, 0x00, 0x14, 0x08, 0x20, 0x14, 0x0C, 0xE0, 0xFF, 0x0F, 0xF0, 0xFF, 0x0F, 0x10, 0x04, 0x0C, 0xF0, 0xF7, 0x0F, 0x30, 0x14, 0x0C, 0x30, 0x14, 0x0C, 0x30, 0x14, 0x0C, 0x30, 0x1E, 0x0C, 0xE0, 0x2F, 0x0E, 0xE0, 0xFB, 0x0F, 0xE0, 0xF5, 0x07, 0xC0, 0xF3, 0x03, 0x00, 0x00, 0x00, 0x00, 0x00, 0x00, 0x00, 0x00, 0x00, 0x00, 0x00, 0x00, 0x00, 0x00, 0x00,  // Code for char b
        0x0E, 0x00, 0x00, 0x00, 0x00, 0xFE, 0x00, 0x80, 0xFF, 0x03, 0xC0, 0xFF, 0x07, 0xE0, 0xFF, 0x07, 0xF0, 0x00, 0x0F, 0x30, 0x00, 0x0C, 0x30, 0x00, 0x08, 0x30, 0x00, 0x08, 0x30, 0x00, 0x0C, 0xF0, 0x00, 0x06, 0xF0, 0xE0, 0x07, 0x30, 0xC0, 0x01, 0x20, 0x00, 0x00, 0x00, 0x00, 0x00, 0x00, 0x00, 0x00, 0x00, 0x00, 0x00, 0x00, 0x00, 0x00, 0x00, 0x00, 0x00,  // Code for char c
        0x0E, 0x00, 0x00, 0x08, 0x10, 0x00, 0x0C, 0xF0, 0xFF, 0x0F, 0xF0, 0xFF, 0x0F, 0x10, 0x00, 0x0C, 0xD0, 0xFF, 0x0F, 0x50, 0x00, 0x0C, 0x50, 0x00, 0x0C, 0x70, 0x00, 0x0C, 0x30, 0x00, 0x06, 0xE0, 0x80, 0x07, 0xE0, 0xFF, 0x03, 0xC0, 0xFF, 0x01, 0x00, 0x7F, 0x00, 0x00, 0x00, 0x00, 0x00, 0x00, 0x00, 0x00, 0x00, 0x00, 0x00, 0x00, 0x00, 0x00, 0x00, 0x00,  // Code for char d
        0x0F, 0x10, 0x38, 0x08, 0x10, 0x14, 0x04, 0xF0, 0xFF, 0x0F, 0xF0, 0xFF, 0x0F, 0x10, 0x04, 0x0C, 0x10, 0x04, 0x0C, 0xD0, 0xF7, 0x0F, 0x50, 0x14, 0x0C, 0x50, 0x14, 0x0C, 0x50, 0x3F, 0x0C, 0x70, 0x00, 0x0E, 0xF0, 0x80, 0x0F, 0x30, 0x80, 0x0E, 0x10, 0x00, 0x0F, 0x00, 0x00, 0x0C, 0x00, 0x00, 0x00, 0x00, 0x00, 0x00, 0x00, 0x00, 0x00, 0x00, 0x00, 0x00,  // Code for char e
        0x0E, 0x10, 0x18, 0x08, 0x10, 0x14, 0x0C, 0xF0, 0xFF, 0x0F, 0xF0, 0xFF, 0x0F, 0x10, 0x04, 0x0C, 0xD0, 0xF7, 0x0F, 0x50, 0x14, 0x0C, 0x50, 0x14, 0x08, 0x50, 0x0E, 0x00, 0x70, 0x3F, 0x00, 0x70, 0x00, 0x00, 0xF0, 0x00, 0x00, 0x30, 0x00, 0x00, 0x10, 0x00, 0x00, 0x00, 0x00, 0x00, 0x00, 0x00, 0x00, 0x00, 0x00, 0x00, 0x00, 0x00, 0x00, 0x00, 0x00, 0x00,  // Code for char f
        0x10, 0x00, 0x00, 0x00, 0x00, 0x7F, 0x00, 0x80, 0xFF, 0x00, 0xC0, 0xFF, 0x03, 0xE0, 0xFF, 0x0B, 0xF0, 0x08, 0x0F, 0x70, 0x17, 0x0E, 0x30, 0x14, 0x0C, 0x30, 0x14, 0x0C, 0x30, 0x14, 0x0C, 0x60, 0x14, 0x0C, 0x60, 0xFC, 0x0F, 0xE0, 0xFC, 0x0F, 0x30, 0xFC, 0x0F, 0x00, 0x04, 0x0C, 0x00, 0x00, 0x08, 0x00, 0x00, 0x00, 0x00, 0x00, 0x00, 0x00, 0x00, 0x00,  // Code for char g
        0x0F, 0x10, 0x18, 0x08, 0x10, 0x0C, 0x0C, 0xF0, 0xFF, 0x0F, 0xF0, 0xFF, 0x0F, 0x10, 0x0C, 0x0C, 0xF0, 0xFF, 0x0F, 0x10, 0x18, 0x0C, 0x00, 0x18, 0x08, 0x00, 0x18, 0x08, 0x10, 0x18, 0x0C, 0xF0, 0xFF, 0x0F, 0xF0, 0xFF, 0x0F, 0xF0, 0xFF, 0x0F, 0x10, 0x00, 0x0C, 0x00, 0x00, 0x08, 0x00, 0x00, 0x00, 0x00, 0x00, 0x00, 0x00, 0x00, 0x00, 0x00, 0x00, 0x00,  // Code for char h
        0x07, 0x10, 0x00, 0x08, 0x10, 0x00, 0x0C, 0xF0, 0xFF, 0x0F, 0xF0, 0xFF, 0x0F, 0xF0, 0xFF, 0x0F, 0x10, 0x00, 0x0C, 0x00, 0x00, 0x08, 0x00, 0x00, 0x00, 0x00, 0x00, 0x00, 0x00, 0x00, 0x00, 0x00, 0x00, 0x00, 0x00, 0x00, 0x00, 0x00, 0x00, 0x00, 0x00, 0x00, 0x00, 0x00, 0x00, 0x00, 0x00, 0x00, 0x00, 0x00, 0x00, 0x00, 0x00, 0x00, 0x00, 0x00, 0x00, 0x00,  // Code for char i
        0x0C, 0x00, 0x80, 0x00, 0x00, 0xC0, 0x01, 0x00, 0xE0, 0x0B, 0x00, 0xF0, 0x0F, 0x00, 0xC0, 0x0F, 0x00, 0x00, 0x0C, 0x10, 0x00, 0x0C, 0x10, 0x00, 0x0E, 0xF0, 0xFF, 0x0B, 0xF0, 0xFF, 0x07, 0xF0, 0xFF, 0x02, 0x10, 0x00, 0x01, 0x00, 0x00, 0x00, 0x00, 0x00, 0x00, 0x00, 0x00, 0x00, 0x00, 0x00, 0x00, 0x00, 0x00, 0x00, 0x00, 0x00, 0x00, 0x00, 0x00, 0x00,  // Code for char j
        0x11, 0x10, 0x00, 0x08, 0x10, 0x00, 0x0C, 0xF0, 0xFF, 0x0F, 0xF0, 0xFF, 0x0F, 0x10, 0x10, 0x0C, 0xF0, 0xDF, 0x0F, 0x10, 0x38, 0x0C, 0x00, 0x16, 0x08, 0x00, 0x1F, 0x00, 0x90, 0x7F, 0x08, 0xF0, 0xF8, 0x0D, 0x70, 0xE0, 0x0F, 0x30, 0x80, 0x0F, 0x10, 0x00, 0x0E, 0x10, 0x00, 0x0C, 0x00, 0x00, 0x08, 0x00, 0x00, 0x08, 0x00, 0x00, 0x00, 0x00, 0x00, 0x00,  // Code for char k
        0x0E, 0x10, 0x00, 0x08, 0x10, 0x00, 0x0C, 0xF0, 0xFF, 0x0F, 0xF0, 0xFF, 0x0F, 0x10, 0x00, 0x0C, 0xF0, 0xFF, 0x0F, 0x10, 0x00, 0x0C, 0x00, 0x00, 0x0C, 0x00, 0x00, 0x0C, 0x00, 0x00, 0x0E, 0x00, 0x40, 0x0F, 0x00, 0x80, 0x0F, 0x00, 0x00, 0x0F, 0x00, 0x00, 0x04, 0x00, 0x00, 0x00, 0x00, 0x00, 0x00, 0x00, 0x00, 0x00, 0x00, 0x00, 0x00, 0x00, 0x00, 0x00,  // Code for char l
        0x12, 0x10, 0x00, 0x0C, 0x10, 0x00, 0x0C, 0xF0, 0xFF, 0x0F, 0x70, 0x00, 0x0C, 0xF0, 0xFF, 0x0F, 0xF0, 0x07, 0x0C, 0xF0, 0x3F, 0x08, 0x90, 0xFF, 0x01, 0x00, 0xFC, 0x0F, 0x00, 0xE0, 0x0F, 0x00, 0xF8, 0x01, 0x10, 0x3F, 0x08, 0xF0, 0x04, 0x0C, 0xF0, 0xFF, 0x0F, 0xF0, 0xFF, 0x0F, 0xF0, 0xFF, 0x0F, 0x10, 0x00, 0x0C, 0x00, 0x00, 0x08, 0x00, 0x00, 0x00,  // Code for char m
        0x0F, 0x10, 0x00, 0x08, 0x10, 0x00, 0x0C, 0xF0, 0xFF, 0x0F, 0x70, 0x00, 0x0E, 0xF0, 0xFF, 0x0F, 0xF0, 0x01, 0x0C, 0xF0, 0x07, 0x08, 0x90, 0x1F, 0x00, 0x00, 0x7E, 0x00, 0x10, 0xF8, 0x03, 0x10, 0xA0, 0x0F, 0xF0, 0xFF, 0x0F, 0xD0, 0xFF, 0x0F, 0x30, 0x00, 0x00, 0x20, 0x00, 0x00, 0x00, 0x00, 0x00, 0x00, 0x00, 0x00, 0x00, 0x00, 0x00, 0x00, 0x00, 0x00,  // Code for char n
        0x0E, 0x00, 0x00, 0x00, 0x00, 0x7F, 0x00, 0xC0, 0xFF, 0x01, 0xE0, 0xFF, 0x03, 0x60, 0xFF, 0x0B, 0xF0, 0x00, 0x0F, 0x30, 0x00, 0x0C, 0x30, 0x00, 0x0C, 0x30, 0x00, 0x0E, 0x60, 0x00, 0x0F, 0xF0, 0xFF, 0x07, 0xE0, 0xFF, 0x03, 0xC0, 0xFF, 0x01, 0x00, 0x7F, 0x00, 0x00, 0x00, 0x00, 0x00, 0x00, 0x00, 0x00, 0x00, 0x00, 0x00, 0x00, 0x00, 0x00, 0x00, 0x00,  // Code for char o
        0x0F, 0x00, 0x00, 0x00, 0x00, 0x18, 0x08, 0x10, 0x18, 0x0C, 0xF0, 0xFF, 0x0F, 0xF0, 0xFF, 0x0F, 0x10, 0x08, 0x0C, 0xD0, 0xFF, 0x0F, 0x50, 0x08, 0x0C, 0x50, 0x08, 0x08, 0x70, 0x08, 0x00, 0xB0, 0x0C, 0x00, 0xE0, 0x0F, 0x00, 0xE0, 0x07, 0x00, 0xE0, 0x07, 0x00, 0xC0, 0x03, 0x00, 0x00, 0x00, 0x00, 0x00, 0x00, 0x00, 0x00, 0x00, 0x00, 0x00, 0x00, 0x00,  // Code for char p
        0x10, 0x00, 0x00, 0x00, 0x00, 0x7F, 0x00, 0xC0, 0xFF, 0x01, 0xE0, 0xFF, 0x03, 0xE0, 0xFF, 0x0B, 0x70, 0x00, 0x0F, 0x10, 0x00, 0x0E, 0x10, 0x00, 0x0D, 0x30, 0x80, 0x0F, 0x60, 0x00, 0x0F, 0xE0, 0xFF, 0x0F, 0xE0, 0xFF, 0x19, 0x20, 0x7F, 0x3F, 0xC0, 0xC0, 0x3C, 0x00, 0x3F, 0x18, 0x00, 0x00, 0x08, 0x00, 0x00, 0x00, 0x00, 0x00, 0x00, 0x00, 0x00, 0x00,  // Code for char q
        0x10, 0x00, 0x50, 0x08, 0x20, 0x38, 0x0C, 0xE0, 0xFF, 0x0F, 0xF0, 0xFF, 0x0F, 0x10, 0x08, 0x0C, 0xF0, 0xEF, 0x0F, 0x30, 0x28, 0x0C, 0x30, 0x18, 0x08, 0x30, 0x1C, 0x00, 0x30, 0xF6, 0x00, 0xE0, 0xEF, 0x3F, 0xE0, 0x8B, 0x2F, 0xE0, 0x05, 0x1F, 0xC0, 0x03, 0x16, 0x00, 0x00, 0x14, 0x00, 0x00, 0x08, 0x00, 0x00, 0x00, 0x00, 0x00, 0x00, 0x00, 0x00, 0x00,  // Code for char r
        0x0D, 0x00, 0x00, 0x0E, 0xC0, 0xC3, 0x0B, 0xE0, 0x8F, 0x0B, 0x30, 0x0E, 0x0B, 0xF0, 0x1E, 0x0E, 0x10, 0x2C, 0x0C, 0x10, 0x2C, 0x0C, 0x10, 0x1C, 0x0C, 0x30, 0x38, 0x0C, 0xF0, 0x78, 0x0E, 0xF0, 0xF0, 0x07, 0x30, 0xE8, 0x03, 0x00, 0xF0, 0x01, 0x00, 0x00, 0x00, 0x00, 0x00, 0x00, 0x00, 0x00, 0x00, 0x00, 0x00, 0x00, 0x00, 0x00, 0x00, 0x00, 0x00, 0x00,  // Code for char s
        0x0E, 0xF0, 0x00, 0x00, 0xB0, 0x00, 0x00, 0x50, 0x00, 0x00, 0x50, 0x00, 0x08, 0x50, 0x00, 0x0C, 0xF0, 0xFF, 0x0F, 0xF0, 0xFF, 0x0F, 0xD0, 0xFF, 0x0D, 0x50, 0x00, 0x0E, 0x50, 0x00, 0x08, 0x70, 0x00, 0x00, 0x70, 0x00, 0x00, 0xD0, 0x00, 0x00, 0x30, 0x00, 0x00, 0x00, 0x00, 0x00, 0x00, 0x00, 0x00, 0x00, 0x00, 0x00, 0x00, 0x00, 0x00, 0x00, 0x00, 0x00,  // Code for char t
        0x0F, 0x10, 0x00, 0x00, 0x10, 0x00, 0x00, 0xF0, 0xFF, 0x01, 0xF0, 0xFF, 0x0B, 0x10, 0x00, 0x0E, 0xF0, 0xFF, 0x0D, 0x10, 0x00, 0x0E, 0x00, 0x00, 0x0C, 0x00, 0x00, 0x0C, 0x10, 0x00, 0x0C, 0x10, 0x00, 0x07, 0xF0, 0xFF, 0x07, 0xD0, 0xFF, 0x03, 0x30, 0x00, 0x00, 0x20, 0x00, 0x00, 0x00, 0x00, 0x00, 0x00, 0x00, 0x00, 0x00, 0x00, 0x00, 0x00, 0x00, 0x00,  // Code for char u
        0x11, 0x10, 0x00, 0x00, 0x30, 0x00, 0x00, 0xF0, 0x01, 0x00, 0xF0, 0x0F, 0x00, 0xF0, 0x7F, 0x08, 0x20, 0xFB, 0x0F, 0x00, 0xDC, 0x0F, 0x00, 0x20, 0x0F, 0x00, 0xC0, 0x0F, 0x00, 0xF8, 0x0C, 0x00, 0x1E, 0x08, 0xC4, 0x07, 0x00, 0xFC, 0x00, 0x00, 0x3C, 0x00, 0x00, 0x0A, 0x00, 0x00, 0x05, 0x00, 0x00, 0x02, 0x00, 0x00, 0x00, 0x00, 0x00, 0x00, 0x00, 0x00,  // Code for char v
        0x13, 0x10, 0x00, 0x00, 0x70, 0x00, 0x00, 0xF0, 0x07, 0x00, 0xD0, 0x3F, 0x04, 0xF0, 0xFF, 0x0F, 0x20, 0xEE, 0x0F, 0x00, 0xF0, 0x0F, 0x00, 0xFC, 0x0F, 0xC0, 0x3F, 0x08, 0xF0, 0x03, 0x08, 0xF0, 0x1F, 0x08, 0xE0, 0xFF, 0x0D, 0x00, 0xFF, 0x0F, 0x00, 0xD0, 0x0F, 0x00, 0xF8, 0x0F, 0x84, 0x3F, 0x0C, 0xFC, 0x07, 0x08, 0x6E, 0x00, 0x00, 0x1A, 0x00, 0x00,  // Code for char w
        0x11, 0x00, 0x00, 0x0C, 0x10, 0x00, 0x0C, 0x10, 0x00, 0x0E, 0x30, 0x80, 0x0F, 0xF0, 0xC0, 0x0D, 0xF0, 0xA1, 0x08, 0xF0, 0x7F, 0x00, 0x90, 0x1F, 0x00, 0x00, 0x3F, 0x00, 0x00, 0xF7, 0x0C, 0xD0, 0xF9, 0x0F, 0xF0, 0xA0, 0x0F, 0x50, 0xC0, 0x0E, 0x30, 0x00, 0x0D, 0x10, 0x00, 0x0E, 0x00, 0x00, 0x08, 0x00, 0x00, 0x08, 0x00, 0x00, 0x00, 0x00, 0x00, 0x00,  // Code for char x
        0x11, 0x10, 0x00, 0x00, 0x30, 0x00, 0x00, 0x70, 0x00, 0x00, 0xF0, 0x01, 0x08, 0xF0, 0x03, 0x08, 0xD0, 0x0F, 0x0C, 0x00, 0xFF, 0x0F, 0x00, 0xFA, 0x0F, 0x00, 0xFC, 0x0F, 0x00, 0x0F, 0x0C, 0x80, 0x03, 0x08, 0xE4, 0x01, 0x00, 0x7C, 0x00, 0x00, 0x1E, 0x00, 0x00, 0x0A, 0x00, 0x00, 0x05, 0x00, 0x00, 0x03, 0x00, 0x00, 0x00, 0x00, 0x00, 0x00, 0x00, 0x00,  // Code for char y
        0x0F, 0x00, 0x00, 0x08, 0x30, 0x00, 0x0E, 0x70, 0x00, 0x0F, 0xB0, 0xC0, 0x0F, 0x50, 0xE0, 0x0F, 0x50, 0xF8, 0x0D, 0x50, 0xFC, 0x0C, 0x50, 0x3F, 0x0C, 0xD0, 0x1F, 0x0C, 0xF0, 0x07, 0x0C, 0xF0, 0x03, 0x0E, 0xF0, 0x80, 0x0F, 0x70, 0x80, 0x0E, 0x10, 0x00, 0x0B, 0x00, 0x00, 0x0C, 0x00, 0x00, 0x00, 0x00, 0x00, 0x00, 0x00, 0x00, 0x00, 0x00, 0x00, 0x00,  // Code for char z
        0x09, 0x00, 0x00, 0x00, 0x00, 0x14, 0x00, 0x70, 0x9C, 0x0F, 0xF8, 0xFF, 0x3F, 0xFC, 0xF7, 0x3F, 0x8C, 0xF7, 0x38, 0xF4, 0xE3, 0x3F, 0x0C, 0x00, 0x30, 0x0C, 0x00, 0x20, 0x00, 0x00, 0x00, 0x00, 0x00, 0x00, 0x00, 0x00, 0x00, 0x00, 0x00, 0x00, 0x00, 0x00, 0x00, 0x00, 0x00, 0x00, 0x00, 0x00, 0x00, 0x00, 0x00, 0x00, 0x00, 0x00, 0x00, 0x00, 0x00, 0x00,  // Code for char {
        0x07, 0x00, 0x00, 0x00, 0x00, 0x00, 0x00, 0x00, 0x00, 0x00, 0x00, 0x00, 0x00, 0x00, 0x00, 0x00, 0xF0, 0xFF, 0xFF, 0xF0, 0xFF, 0xFF, 0x00, 0x00, 0x00, 0x00, 0x00, 0x00, 0x00, 0x00, 0x00, 0x00, 0x00, 0x00, 0x00, 0x00, 0x00, 0x00, 0x00, 0x00, 0x00, 0x00, 0x00, 0x00, 0x00, 0x00, 0x00, 0x00, 0x00, 0x00, 0x00, 0x00, 0x00, 0x00, 0x00, 0x00, 0x00, 0x00,  // Code for char |
        0x0A, 0x00, 0x00, 0x00, 0x00, 0x00, 0x00, 0x0C, 0x00, 0x30, 0x14, 0x00, 0x30, 0x8C, 0x73, 0x38, 0xFC, 0xFB, 0x3F, 0xF8, 0xFF, 0x1F, 0xF0, 0xFF, 0x0F, 0x00, 0x14, 0x00, 0x00, 0x08, 0x00, 0x00, 0x00, 0x00, 0x00, 0x00, 0x00, 0x00, 0x00, 0x00, 0x00, 0x00, 0x00, 0x00, 0x00, 0x00, 0x00, 0x00, 0x00, 0x00, 0x00, 0x00, 0x00, 0x00, 0x00, 0x00, 0x00, 0x00,  // Code for char }
        0x0D, 0x00, 0x00, 0x00, 0x00, 0x00, 0x00, 0x00, 0x00, 0x00, 0x10, 0x00, 0x00, 0x10, 0x00, 0x00, 0x08, 0x00, 0x00, 0x08, 0x00, 0x00, 0x08, 0x00, 0x00, 0x10, 0x00, 0x00, 0x10, 0x00, 0x00, 0x10, 0x00, 0x00, 0x08, 0x00, 0x00, 0x04, 0x00, 0x00, 0x00, 0x00, 0x00, 0x00, 0x00, 0x00, 0x00, 0x00, 0x00, 0x00, 0x00, 0x00, 0x00, 0x00, 0x00, 0x00, 0x00, 0x00,  // Code for char ~
        0x05, 0xF0, 0xFF, 0x07, 0xF0, 0xFF, 0x07, 0x10, 0x00, 0x04, 0x10, 0x00, 0x04, 0xF0, 0xFF, 0x07, 0x00, 0x00, 0x00, 0x00, 0x00, 0x00, 0x00, 0x00, 0x00, 0x00, 0x00, 0x00, 0x00, 0x00, 0x00, 0x00, 0x00, 0x00, 0x00, 0x00, 0x00, 0x00, 0x00, 0x00, 0x00, 0x00, 0x00, 0x00, 0x00, 0x00, 0x00, 0x00, 0x00, 0x00, 0x00, 0x00, 0x00, 0x00, 0x00, 0x00, 0x00, 0x00   // Code for char 
        };



        const unsigned char font3[]= {10,2,
                0x06, 0x00, 0x00, 0x00, 0x00, 0x00, 0x00, 0x00, 0x00, 0x00, 0x00, 0x00, 0x00, 0x00, 0x00, 0x00, 0x00, 0x00, 0x00, 0x00, 0x00,  // Code for char
                0x04, 0x00, 0x00, 0xFC, 0x01, 0xFC, 0x01, 0x9C, 0x01, 0x00, 0x00, 0x00, 0x00, 0x00, 0x00, 0x00, 0x00, 0x00, 0x00, 0x00, 0x00,  // Code for char !
                0x05, 0x04, 0x00, 0x1C, 0x00, 0x1C, 0x00, 0x1C, 0x00, 0x1C, 0x00, 0x00, 0x00, 0x00, 0x00, 0x00, 0x00, 0x00, 0x00, 0x00, 0x00,  // Code for char "
                0x07, 0x40, 0x00, 0xE8, 0x01, 0xFC, 0x01, 0xDC, 0x01, 0xFC, 0x01, 0x7C, 0x00, 0x4C, 0x00, 0x00, 0x00, 0x00, 0x00, 0x00, 0x00,  // Code for char #
                0x07, 0x00, 0x00, 0x98, 0x01, 0xBC, 0x01, 0xFE, 0x03, 0xFE, 0x03, 0xEC, 0x01, 0xEC, 0x00, 0x00, 0x00, 0x00, 0x00, 0x00, 0x00,  // Code for char $
                0x09, 0x1C, 0x00, 0x3C, 0x00, 0xA4, 0x01, 0xFC, 0x01, 0xFC, 0x01, 0xDC, 0x01, 0x44, 0x00, 0xC0, 0x01, 0xC0, 0x01, 0x00, 0x00,  // Code for char %
                0x08, 0xC0, 0x00, 0xE0, 0x01, 0xF8, 0x01, 0xFC, 0x01, 0xFC, 0x01, 0xFC, 0x01, 0xEC, 0x01, 0x20, 0x01, 0x00, 0x00, 0x00, 0x00,  // Code for char &
                0x03, 0x04, 0x00, 0x1C, 0x00, 0x1C, 0x00, 0x00, 0x00, 0x00, 0x00, 0x00, 0x00, 0x00, 0x00, 0x00, 0x00, 0x00, 0x00, 0x00, 0x00,  // Code for char '
                0x05, 0x00, 0x00, 0xF0, 0x01, 0xF8, 0x03, 0xFC, 0x07, 0x04, 0x04, 0x00, 0x00, 0x00, 0x00, 0x00, 0x00, 0x00, 0x00, 0x00, 0x00,  // Code for char (
                0x05, 0x00, 0x00, 0x04, 0x04, 0xFC, 0x07, 0xF8, 0x03, 0xF0, 0x01, 0x00, 0x00, 0x00, 0x00, 0x00, 0x00, 0x00, 0x00, 0x00, 0x00,  // Code for char )
                0x06, 0x00, 0x00, 0x08, 0x00, 0x2C, 0x00, 0x3C, 0x00, 0x3C, 0x00, 0x28, 0x00, 0x00, 0x00, 0x00, 0x00, 0x00, 0x00, 0x00, 0x00,  // Code for char *
                0x07, 0x20, 0x00, 0x20, 0x00, 0x20, 0x00, 0xF8, 0x00, 0xF8, 0x00, 0x20, 0x00, 0x20, 0x00, 0x00, 0x00, 0x00, 0x00, 0x00, 0x00,  // Code for char +
                0x04, 0x00, 0x00, 0x80, 0x05, 0x80, 0x07, 0x80, 0x03, 0x00, 0x00, 0x00, 0x00, 0x00, 0x00, 0x00, 0x00, 0x00, 0x00, 0x00, 0x00,  // Code for char ,
                0x04, 0x20, 0x00, 0x20, 0x00, 0x20, 0x00, 0x20, 0x00, 0x00, 0x00, 0x00, 0x00, 0x00, 0x00, 0x00, 0x00, 0x00, 0x00, 0x00, 0x00,  // Code for char -
                0x04, 0x00, 0x00, 0x80, 0x01, 0x80, 0x01, 0x80, 0x01, 0x00, 0x00, 0x00, 0x00, 0x00, 0x00, 0x00, 0x00, 0x00, 0x00, 0x00, 0x00,  // Code for char .
                0x05, 0x00, 0x07, 0xE0, 0x07, 0xFC, 0x00, 0x3C, 0x00, 0x04, 0x00, 0x00, 0x00, 0x00, 0x00, 0x00, 0x00, 0x00, 0x00, 0x00, 0x00,  // Code for char /
                0x07, 0x70, 0x00, 0xFC, 0x01, 0xFC, 0x01, 0x04, 0x01, 0xFC, 0x01, 0xFC, 0x01, 0x78, 0x00, 0x00, 0x00, 0x00, 0x00, 0x00, 0x00,  // Code for char 0
                0x06, 0x00, 0x00, 0x04, 0x01, 0xFC, 0x01, 0xFC, 0x01, 0xFC, 0x01, 0x00, 0x01, 0x00, 0x00, 0x00, 0x00, 0x00, 0x00, 0x00, 0x00,  // Code for char 1
                0x07, 0x18, 0x00, 0x9C, 0x01, 0xDC, 0x01, 0xE4, 0x01, 0xBC, 0x01, 0xBC, 0x01, 0x98, 0x00, 0x00, 0x00, 0x00, 0x00, 0x00, 0x00,  // Code for char 2
                0x07, 0x00, 0x00, 0x98, 0x01, 0x9C, 0x01, 0xBC, 0x01, 0xFC, 0x01, 0xFC, 0x01, 0xD8, 0x00, 0x00, 0x00, 0x00, 0x00, 0x00, 0x00,  // Code for char 3
                0x07, 0x60, 0x00, 0x70, 0x00, 0x50, 0x01, 0xF8, 0x01, 0xFC, 0x01, 0xFC, 0x01, 0x40, 0x01, 0x00, 0x00, 0x00, 0x00, 0x00, 0x00,  // Code for char 4
                0x07, 0x00, 0x00, 0xBC, 0x01, 0xBC, 0x01, 0xAC, 0x01, 0xEC, 0x01, 0xE4, 0x01, 0xE0, 0x00, 0x00, 0x00, 0x00, 0x00, 0x00, 0x00,  // Code for char 5
                0x07, 0xF8, 0x00, 0xFC, 0x01, 0xFC, 0x01, 0x24, 0x01, 0xFC, 0x01, 0xFC, 0x01, 0xD8, 0x00, 0x00, 0x00, 0x00, 0x00, 0x00, 0x00,  // Code for char 6
                0x07, 0x00, 0x00, 0x0C, 0x00, 0xCC, 0x01, 0xEC, 0x01, 0xFC, 0x01, 0x1C, 0x00, 0x04, 0x00, 0x00, 0x00, 0x00, 0x00, 0x00, 0x00,  // Code for char 7
                0x07, 0xC0, 0x01, 0xDC, 0x01, 0xFC, 0x01, 0x24, 0x00, 0xFC, 0x01, 0xDC, 0x01, 0xD8, 0x01, 0x00, 0x00, 0x00, 0x00, 0x00, 0x00,  // Code for char 8
                0x07, 0x18, 0x00, 0xBC, 0x01, 0xBC, 0x01, 0xA4, 0x01, 0xFC, 0x01, 0xFC, 0x01, 0xF8, 0x00, 0x00, 0x00, 0x00, 0x00, 0x00, 0x00,  // Code for char 9
                0x04, 0x00, 0x00, 0xB0, 0x01, 0xB0, 0x01, 0xB0, 0x01, 0x00, 0x00, 0x00, 0x00, 0x00, 0x00, 0x00, 0x00, 0x00, 0x00, 0x00, 0x00,  // Code for char :
                0x04, 0x00, 0x00, 0xB0, 0x05, 0xB0, 0x07, 0xB0, 0x03, 0x00, 0x00, 0x00, 0x00, 0x00, 0x00, 0x00, 0x00, 0x00, 0x00, 0x00, 0x00,  // Code for char ;
                0x06, 0x20, 0x00, 0x30, 0x00, 0x70, 0x00, 0x78, 0x00, 0xEC, 0x00, 0xC4, 0x00, 0x00, 0x00, 0x00, 0x00, 0x00, 0x00, 0x00, 0x00,  // Code for char <
                0x07, 0x50, 0x00, 0x50, 0x00, 0x50, 0x00, 0x50, 0x00, 0x50, 0x00, 0x50, 0x00, 0x50, 0x00, 0x00, 0x00, 0x00, 0x00, 0x00, 0x00,  // Code for char =
                0x06, 0x9C, 0x00, 0x9C, 0x00, 0xF8, 0x00, 0x70, 0x00, 0x20, 0x00, 0x20, 0x00, 0x00, 0x00, 0x00, 0x00, 0x00, 0x00, 0x00, 0x00,  // Code for char >
                0x06, 0x00, 0x00, 0x8C, 0x01, 0xEC, 0x01, 0xFC, 0x01, 0x3C, 0x00, 0x18, 0x00, 0x00, 0x00, 0x00, 0x00, 0x00, 0x00, 0x00, 0x00,  // Code for char ?
                0x09, 0x70, 0x00, 0xF8, 0x00, 0xEC, 0x01, 0xF4, 0x01, 0xF4, 0x01, 0x7C, 0x01, 0x4C, 0x01, 0x78, 0x00, 0x38, 0x00, 0x00, 0x00,  // Code for char @
                0x08, 0x00, 0x01, 0xF8, 0x01, 0xFC, 0x01, 0x7C, 0x01, 0xFC, 0x01, 0xFC, 0x01, 0xE0, 0x01, 0x00, 0x01, 0x00, 0x00, 0x00, 0x00,  // Code for char A
                0x08, 0x04, 0x01, 0xFC, 0x01, 0xFC, 0x01, 0xFC, 0x01, 0x24, 0x01, 0xFC, 0x01, 0xDC, 0x01, 0xD8, 0x00, 0x00, 0x00, 0x00, 0x00,  // Code for char B
                0x07, 0xF0, 0x00, 0xFC, 0x01, 0xFC, 0x01, 0xFC, 0x01, 0x04, 0x01, 0x9C, 0x01, 0x9C, 0x00, 0x00, 0x00, 0x00, 0x00, 0x00, 0x00,  // Code for char C
                0x08, 0x04, 0x01, 0xFC, 0x01, 0xFC, 0x01, 0xFC, 0x01, 0x04, 0x01, 0xFC, 0x01, 0xFC, 0x01, 0xF8, 0x00, 0x00, 0x00, 0x00, 0x00,  // Code for char D
                0x07, 0x04, 0x01, 0xFC, 0x01, 0xFC, 0x01, 0xFC, 0x01, 0x74, 0x01, 0xFC, 0x01, 0x8C, 0x01, 0x00, 0x00, 0x00, 0x00, 0x00, 0x00,  // Code for char E
                0x07, 0x04, 0x01, 0xFC, 0x01, 0xFC, 0x01, 0xFC, 0x01, 0x74, 0x01, 0x7C, 0x00, 0x0C, 0x00, 0x00, 0x00, 0x00, 0x00, 0x00, 0x00,  // Code for char F
                0x07, 0xF8, 0x00, 0xFC, 0x01, 0xFC, 0x01, 0xFC, 0x01, 0xEC, 0x01, 0xFC, 0x01, 0xFC, 0x00, 0x00, 0x00, 0x00, 0x00, 0x00, 0x00,  // Code for char G
                0x09, 0x04, 0x01, 0xFC, 0x01, 0xFC, 0x01, 0xFC, 0x01, 0x24, 0x01, 0xFC, 0x01, 0xFC, 0x01, 0xFC, 0x01, 0x04, 0x01, 0x00, 0x00,  // Code for char H
                0x05, 0x04, 0x01, 0xFC, 0x01, 0xFC, 0x01, 0xFC, 0x01, 0x04, 0x01, 0x00, 0x00, 0x00, 0x00, 0x00, 0x00, 0x00, 0x00, 0x00, 0x00,  // Code for char I
                0x07, 0xC0, 0x00, 0xC0, 0x01, 0xC4, 0x01, 0xFC, 0x01, 0xFC, 0x01, 0xFC, 0x01, 0x04, 0x00, 0x00, 0x00, 0x00, 0x00, 0x00, 0x00,  // Code for char J
                0x09, 0x04, 0x01, 0xFC, 0x01, 0xFC, 0x01, 0xFC, 0x01, 0x74, 0x01, 0xFC, 0x01, 0xFC, 0x01, 0xC4, 0x01, 0x00, 0x01, 0x00, 0x00,  // Code for char K
                0x07, 0x04, 0x01, 0xFC, 0x01, 0xFC, 0x01, 0xFC, 0x01, 0x04, 0x01, 0xC0, 0x01, 0xC0, 0x01, 0x00, 0x00, 0x00, 0x00, 0x00, 0x00,  // Code for char L
                0x0A, 0x00, 0x01, 0xE4, 0x01, 0xFC, 0x01, 0xFC, 0x01, 0xFC, 0x01, 0x78, 0x01, 0xFC, 0x01, 0xFC, 0x01, 0xFC, 0x01, 0x04, 0x01,  // Code for char M
                0x08, 0x04, 0x01, 0xFC, 0x01, 0xFC, 0x01, 0x7C, 0x01, 0xFC, 0x01, 0xFC, 0x01, 0xFC, 0x01, 0x04, 0x00, 0x00, 0x00, 0x00, 0x00,  // Code for char N
                0x08, 0xF8, 0x00, 0xFC, 0x01, 0xFC, 0x01, 0xFC, 0x01, 0xFC, 0x01, 0xFC, 0x01, 0xFC, 0x01, 0xF8, 0x00, 0x00, 0x00, 0x00, 0x00,  // Code for char O
                0x08, 0x04, 0x01, 0xFC, 0x01, 0xFC, 0x01, 0xFC, 0x01, 0x44, 0x01, 0x7C, 0x00, 0x3C, 0x00, 0x38, 0x00, 0x00, 0x00, 0x00, 0x00,  // Code for char P
                0x08, 0xF8, 0x00, 0xFC, 0x01, 0xFC, 0x01, 0xFC, 0x01, 0xFC, 0x01, 0xFC, 0x01, 0xFC, 0x01, 0x78, 0x01, 0x00, 0x00, 0x00, 0x00,  // Code for char Q
                0x09, 0x04, 0x01, 0xFC, 0x01, 0xFC, 0x01, 0xFC, 0x01, 0x24, 0x01, 0xFC, 0x01, 0xFC, 0x01, 0xD8, 0x01, 0x00, 0x01, 0x00, 0x00,  // Code for char R
                0x08, 0xD8, 0x01, 0xFC, 0x01, 0x3C, 0x01, 0x74, 0x00, 0x74, 0x01, 0xFC, 0x01, 0xFC, 0x01, 0xC0, 0x00, 0x00, 0x00, 0x00, 0x00,  // Code for char S
                0x07, 0x1C, 0x00, 0x1C, 0x01, 0xFC, 0x01, 0xFC, 0x01, 0xFC, 0x01, 0x1C, 0x01, 0x1C, 0x00, 0x00, 0x00, 0x00, 0x00, 0x00, 0x00,  // Code for char T
                0x08, 0x04, 0x00, 0xFC, 0x00, 0xFC, 0x01, 0xFC, 0x01, 0x04, 0x01, 0xFC, 0x01, 0xFC, 0x00, 0x04, 0x00, 0x00, 0x00, 0x00, 0x00,  // Code for char U
                0x08, 0x04, 0x00, 0x3C, 0x00, 0xFC, 0x01, 0xFC, 0x01, 0xF4, 0x01, 0x7C, 0x00, 0x0C, 0x00, 0x04, 0x00, 0x00, 0x00, 0x00, 0x00,  // Code for char V
                0x0A, 0x04, 0x00, 0x3C, 0x00, 0xFC, 0x01, 0xFC, 0x01, 0xFC, 0x01, 0xFC, 0x01, 0xFC, 0x01, 0xFC, 0x01, 0x1C, 0x00, 0x04, 0x00,  // Code for char W
                0x08, 0x04, 0x01, 0x9C, 0x01, 0xFC, 0x01, 0xFC, 0x01, 0xFC, 0x01, 0xEC, 0x01, 0x84, 0x01, 0x00, 0x01, 0x00, 0x00, 0x00, 0x00,  // Code for char X
                0x08, 0x04, 0x00, 0x1C, 0x01, 0xFC, 0x01, 0xFC, 0x01, 0xF4, 0x01, 0x1C, 0x01, 0x0C, 0x00, 0x04, 0x00, 0x00, 0x00, 0x00, 0x00,  // Code for char Y
                0x07, 0x0C, 0x01, 0xCC, 0x01, 0xF4, 0x01, 0xFC, 0x01, 0x7C, 0x01, 0x9C, 0x01, 0x8C, 0x01, 0x00, 0x00, 0x00, 0x00, 0x00, 0x00,  // Code for char Z
                0x05, 0x00, 0x00, 0xFC, 0x07, 0xFC, 0x07, 0xFC, 0x07, 0x04, 0x04, 0x00, 0x00, 0x00, 0x00, 0x00, 0x00, 0x00, 0x00, 0x00, 0x00,  // Code for char [
                0x05, 0x0C, 0x00, 0x7C, 0x00, 0xF8, 0x01, 0xC0, 0x07, 0x00, 0x06, 0x00, 0x00, 0x00, 0x00, 0x00, 0x00, 0x00, 0x00, 0x00, 0x00,  // Code for char BackSlash
                0x05, 0x00, 0x00, 0x04, 0x04, 0xFC, 0x07, 0xFC, 0x07, 0xFC, 0x07, 0x00, 0x00, 0x00, 0x00, 0x00, 0x00, 0x00, 0x00, 0x00, 0x00,  // Code for char ]
                0x07, 0x20, 0x00, 0x30, 0x00, 0x1C, 0x00, 0x1C, 0x00, 0x3C, 0x00, 0x30, 0x00, 0x20, 0x00, 0x00, 0x00, 0x00, 0x00, 0x00, 0x00,  // Code for char ^
                0x06, 0x00, 0x04, 0x00, 0x04, 0x00, 0x04, 0x00, 0x04, 0x00, 0x04, 0x00, 0x04, 0x00, 0x00, 0x00, 0x00, 0x00, 0x00, 0x00, 0x00,  // Code for char _
                0x04, 0x00, 0x00, 0x01, 0x00, 0x01, 0x00, 0x01, 0x00, 0x00, 0x00, 0x00, 0x00, 0x00, 0x00, 0x00, 0x00, 0x00, 0x00, 0x00, 0x00,  // Code for char `
                0x08, 0x00, 0x01, 0xF8, 0x01, 0xFC, 0x01, 0x7C, 0x01, 0xFC, 0x01, 0xFC, 0x01, 0xE0, 0x01, 0x00, 0x01, 0x00, 0x00, 0x00, 0x00,  // Code for char a
                0x08, 0x04, 0x01, 0xFC, 0x01, 0xFC, 0x01, 0xFC, 0x01, 0x24, 0x01, 0xFC, 0x01, 0xDC, 0x01, 0xD8, 0x00, 0x00, 0x00, 0x00, 0x00,  // Code for char b
                0x07, 0xF0, 0x00, 0xFC, 0x01, 0xFC, 0x01, 0xFC, 0x01, 0x04, 0x01, 0x9C, 0x01, 0x9C, 0x00, 0x00, 0x00, 0x00, 0x00, 0x00, 0x00,  // Code for char c
                0x08, 0x04, 0x01, 0xFC, 0x01, 0xFC, 0x01, 0xFC, 0x01, 0x04, 0x01, 0xFC, 0x01, 0xFC, 0x01, 0xF8, 0x00, 0x00, 0x00, 0x00, 0x00,  // Code for char d
                0x07, 0x04, 0x01, 0xFC, 0x01, 0xFC, 0x01, 0xFC, 0x01, 0x74, 0x01, 0xFC, 0x01, 0x8C, 0x01, 0x00, 0x00, 0x00, 0x00, 0x00, 0x00,  // Code for char e
                0x07, 0x04, 0x01, 0xFC, 0x01, 0xFC, 0x01, 0xFC, 0x01, 0x74, 0x01, 0x7C, 0x00, 0x0C, 0x00, 0x00, 0x00, 0x00, 0x00, 0x00, 0x00,  // Code for char f
                0x07, 0xF8, 0x00, 0xFC, 0x01, 0xFC, 0x01, 0xFC, 0x01, 0xEC, 0x01, 0xFC, 0x01, 0xFC, 0x00, 0x00, 0x00, 0x00, 0x00, 0x00, 0x00,  // Code for char g
                0x09, 0x04, 0x01, 0xFC, 0x01, 0xFC, 0x01, 0xFC, 0x01, 0x24, 0x01, 0xFC, 0x01, 0xFC, 0x01, 0xFC, 0x01, 0x04, 0x01, 0x00, 0x00,  // Code for char h
                0x05, 0x04, 0x01, 0xFC, 0x01, 0xFC, 0x01, 0xFC, 0x01, 0x04, 0x01, 0x00, 0x00, 0x00, 0x00, 0x00, 0x00, 0x00, 0x00, 0x00, 0x00,  // Code for char i
                0x07, 0xC0, 0x00, 0xC0, 0x01, 0xC4, 0x01, 0xFC, 0x01, 0xFC, 0x01, 0xFC, 0x01, 0x04, 0x00, 0x00, 0x00, 0x00, 0x00, 0x00, 0x00,  // Code for char j
                0x09, 0x04, 0x01, 0xFC, 0x01, 0xFC, 0x01, 0xFC, 0x01, 0x74, 0x01, 0xFC, 0x01, 0xFC, 0x01, 0xC4, 0x01, 0x00, 0x01, 0x00, 0x00,  // Code for char k
                0x07, 0x04, 0x01, 0xFC, 0x01, 0xFC, 0x01, 0xFC, 0x01, 0x04, 0x01, 0xC0, 0x01, 0xC0, 0x01, 0x00, 0x00, 0x00, 0x00, 0x00, 0x00,  // Code for char l
                0x0A, 0x00, 0x01, 0xE4, 0x01, 0xFC, 0x01, 0xFC, 0x01, 0xFC, 0x01, 0x78, 0x01, 0xFC, 0x01, 0xFC, 0x01, 0xFC, 0x01, 0x04, 0x01,  // Code for char m
                0x08, 0x04, 0x01, 0xFC, 0x01, 0xFC, 0x01, 0x7C, 0x01, 0xFC, 0x01, 0xFC, 0x01, 0xFC, 0x01, 0x04, 0x00, 0x00, 0x00, 0x00, 0x00,  // Code for char n
                0x08, 0xF8, 0x00, 0xFC, 0x01, 0xFC, 0x01, 0xFC, 0x01, 0xFC, 0x01, 0xFC, 0x01, 0xFC, 0x01, 0xF8, 0x00, 0x00, 0x00, 0x00, 0x00,  // Code for char o
                0x08, 0x04, 0x01, 0xFC, 0x01, 0xFC, 0x01, 0xFC, 0x01, 0x44, 0x01, 0x7C, 0x00, 0x3C, 0x00, 0x38, 0x00, 0x00, 0x00, 0x00, 0x00,  // Code for char p
                0x08, 0xF8, 0x00, 0xFC, 0x01, 0xFC, 0x01, 0xFC, 0x01, 0xFC, 0x01, 0xFC, 0x01, 0xFC, 0x01, 0x78, 0x01, 0x00, 0x00, 0x00, 0x00,  // Code for char q
                0x09, 0x04, 0x01, 0xFC, 0x01, 0xFC, 0x01, 0xFC, 0x01, 0x24, 0x01, 0xFC, 0x01, 0xFC, 0x01, 0xD8, 0x01, 0x00, 0x01, 0x00, 0x00,  // Code for char r
                0x08, 0xD8, 0x01, 0xFC, 0x01, 0x3C, 0x01, 0x74, 0x00, 0x74, 0x01, 0xFC, 0x01, 0xFC, 0x01, 0xC0, 0x00, 0x00, 0x00, 0x00, 0x00,  // Code for char s
                0x07, 0x1C, 0x00, 0x1C, 0x01, 0xFC, 0x01, 0xFC, 0x01, 0xFC, 0x01, 0x1C, 0x01, 0x1C, 0x00, 0x00, 0x00, 0x00, 0x00, 0x00, 0x00,  // Code for char t
                0x08, 0x04, 0x00, 0xFC, 0x00, 0xFC, 0x01, 0xFC, 0x01, 0x04, 0x01, 0xFC, 0x01, 0xFC, 0x00, 0x04, 0x00, 0x00, 0x00, 0x00, 0x00,  // Code for char u
                0x08, 0x04, 0x00, 0x3C, 0x00, 0xFC, 0x01, 0xFC, 0x01, 0xF4, 0x01, 0x7C, 0x00, 0x0C, 0x00, 0x04, 0x00, 0x00, 0x00, 0x00, 0x00,  // Code for char v
                0x0A, 0x04, 0x00, 0x3C, 0x00, 0xFC, 0x01, 0xFC, 0x01, 0xFC, 0x01, 0xFC, 0x01, 0xFC, 0x01, 0xFC, 0x01, 0x1C, 0x00, 0x04, 0x00,  // Code for char w
                0x08, 0x04, 0x01, 0x9C, 0x01, 0xFC, 0x01, 0xFC, 0x01, 0xFC, 0x01, 0xEC, 0x01, 0x84, 0x01, 0x00, 0x01, 0x00, 0x00, 0x00, 0x00,  // Code for char x
                0x08, 0x04, 0x00, 0x1C, 0x01, 0xFC, 0x01, 0xFC, 0x01, 0xF4, 0x01, 0x1C, 0x01, 0x0C, 0x00, 0x04, 0x00, 0x00, 0x00, 0x00, 0x00,  // Code for char y
                0x07, 0x0C, 0x01, 0xCC, 0x01, 0xF4, 0x01, 0xFC, 0x01, 0x7C, 0x01, 0x9C, 0x01, 0x8C, 0x01, 0x00, 0x00, 0x00, 0x00, 0x00, 0x00,  // Code for char z
                0x06, 0x00, 0x00, 0x40, 0x00, 0xFC, 0x07, 0xFC, 0x07, 0xBC, 0x07, 0x04, 0x04, 0x00, 0x00, 0x00, 0x00, 0x00, 0x00, 0x00, 0x00,  // Code for char {
                0x02, 0xFC, 0x07, 0xFC, 0x07, 0x00, 0x00, 0x00, 0x00, 0x00, 0x00, 0x00, 0x00, 0x00, 0x00, 0x00, 0x00, 0x00, 0x00, 0x00, 0x00,  // Code for char |
                0x05, 0x04, 0x04, 0xBC, 0x07, 0xFC, 0x07, 0xFC, 0x07, 0x40, 0x00, 0x00, 0x00, 0x00, 0x00, 0x00, 0x00, 0x00, 0x00, 0x00, 0x00,  // Code for char }
                0x05, 0x04, 0x00, 0x06, 0x00, 0x06, 0x00, 0x06, 0x00, 0x06, 0x00, 0x00, 0x00, 0x00, 0x00, 0x00, 0x00, 0x00, 0x00, 0x00, 0x00,  // Code for char ~
                0x04, 0xFC, 0x03, 0xFC, 0x03, 0xFC, 0x03, 0xFC, 0x03, 0x00, 0x00, 0x00, 0x00, 0x00, 0x00, 0x00, 0x00, 0x00, 0x00, 0x00, 0x00   // Code for char 
                };




        const unsigned char font4[] = {25,3,
                0x0D, 0x00, 0x00, 0x00, 0x00, 0x00, 0x00, 0x00, 0x00, 0x00, 0x00, 0x00, 0x00, 0x00, 0x00, 0x00, 0x00, 0x00, 0x00, 0x00, 0x00, 0x00, 0x00, 0x00, 0x00, 0x00, 0x00, 0x00, 0x00, 0x00, 0x00, 0x00, 0x00, 0x00, 0x00, 0x00, 0x00, 0x00, 0x00, 0x00, 0x00, 0x00, 0x00, 0x00, 0x00, 0x00, 0x00, 0x00, 0x00, 0x00, 0x00, 0x00, 0x00, 0x00, 0x00, 0x00, 0x00, 0x00, 0x00, 0x00, 0x00, 0x00, 0x00, 0x00, 0x00, 0x00, 0x00, 0x00, 0x00, 0x00, 0x00, 0x00, 0x00, 0x00, 0x00, 0x00,  // Code for char
                0x0B, 0x00, 0x00, 0x00, 0x00, 0x00, 0x00, 0x00, 0xE0, 0x01, 0x00, 0xE0, 0x01, 0x00, 0xF0, 0x01, 0xF0, 0xF7, 0x00, 0xFC, 0x73, 0x00, 0xFE, 0x01, 0x00, 0xFE, 0x00, 0x00, 0x3E, 0x00, 0x00, 0x04, 0x00, 0x00, 0x00, 0x00, 0x00, 0x00, 0x00, 0x00, 0x00, 0x00, 0x00, 0x00, 0x00, 0x00, 0x00, 0x00, 0x00, 0x00, 0x00, 0x00, 0x00, 0x00, 0x00, 0x00, 0x00, 0x00, 0x00, 0x00, 0x00, 0x00, 0x00, 0x00, 0x00, 0x00, 0x00, 0x00, 0x00, 0x00, 0x00, 0x00, 0x00, 0x00, 0x00, 0x00,  // Code for char !
                0x0F, 0x00, 0x00, 0x00, 0x00, 0x00, 0x00, 0x00, 0x00, 0x00, 0x00, 0x00, 0x00, 0x00, 0x00, 0x00, 0x70, 0x00, 0x00, 0xFC, 0x00, 0x00, 0x7E, 0x00, 0x00, 0x3E, 0x00, 0x00, 0x0E, 0x00, 0x00, 0x70, 0x00, 0x00, 0xFC, 0x00, 0x00, 0x7E, 0x00, 0x00, 0x3E, 0x00, 0x00, 0x0E, 0x00, 0x00, 0x00, 0x00, 0x00, 0x00, 0x00, 0x00, 0x00, 0x00, 0x00, 0x00, 0x00, 0x00, 0x00, 0x00, 0x00, 0x00, 0x00, 0x00, 0x00, 0x00, 0x00, 0x00, 0x00, 0x00, 0x00, 0x00, 0x00, 0x00, 0x00, 0x00,  // Code for char "
                0x12, 0x00, 0x00, 0x00, 0x00, 0x00, 0x00, 0x00, 0x00, 0x00, 0x00, 0x18, 0x01, 0x00, 0xDC, 0x01, 0x80, 0xFC, 0x00, 0xC0, 0xFC, 0x00, 0xE0, 0x1F, 0x01, 0xE0, 0xDF, 0x01, 0xF0, 0xFD, 0x00, 0xFC, 0xFC, 0x00, 0xFC, 0x1F, 0x00, 0xE4, 0x1F, 0x00, 0xF0, 0x1D, 0x00, 0xFC, 0x04, 0x00, 0xFC, 0x00, 0x00, 0x64, 0x00, 0x00, 0x20, 0x00, 0x00, 0x00, 0x00, 0x00, 0x00, 0x00, 0x00, 0x00, 0x00, 0x00, 0x00, 0x00, 0x00, 0x00, 0x00, 0x00, 0x00, 0x00, 0x00, 0x00, 0x00, 0x00,  // Code for char #
                0x11, 0x00, 0x00, 0x00, 0x00, 0x00, 0x00, 0x00, 0xE0, 0x00, 0x00, 0xE0, 0x01, 0x80, 0xE7, 0x01, 0xC0, 0xCF, 0x07, 0xE0, 0xDF, 0x07, 0xE0, 0xDF, 0x03, 0xF0, 0xDF, 0x01, 0x70, 0xFF, 0x01, 0x7E, 0xFF, 0x00, 0x7E, 0xFE, 0x00, 0x7E, 0x7E, 0x00, 0xF0, 0x3C, 0x00, 0xF0, 0x18, 0x00, 0xF0, 0x00, 0x00, 0x40, 0x00, 0x00, 0x00, 0x00, 0x00, 0x00, 0x00, 0x00, 0x00, 0x00, 0x00, 0x00, 0x00, 0x00, 0x00, 0x00, 0x00, 0x00, 0x00, 0x00, 0x00, 0x00, 0x00, 0x00, 0x00, 0x00,  // Code for char $
                0x15, 0x00, 0x00, 0x00, 0x00, 0x00, 0x00, 0x00, 0x00, 0x00, 0x00, 0x00, 0x00, 0xF0, 0x00, 0x01, 0xF8, 0x81, 0x01, 0xFC, 0xC1, 0x00, 0xCC, 0x61, 0x00, 0x86, 0x31, 0x00, 0x86, 0x18, 0x00, 0xFE, 0x0C, 0x00, 0x7E, 0xE6, 0x00, 0x3C, 0xFB, 0x01, 0x80, 0xFD, 0x01, 0xC0, 0xFC, 0x01, 0x60, 0x86, 0x01, 0x10, 0x86, 0x01, 0x08, 0xFE, 0x00, 0x06, 0x7E, 0x00, 0x02, 0x3C, 0x00, 0x00, 0x18, 0x00, 0x00, 0x00, 0x00, 0x00, 0x00, 0x00, 0x00, 0x00, 0x00, 0x00, 0x00, 0x00,  // Code for char %
                0x19, 0x00, 0x00, 0x00, 0x00, 0x00, 0x00, 0x00, 0x7C, 0x00, 0x00, 0xFE, 0x00, 0x00, 0xFE, 0x00, 0x00, 0xFF, 0x01, 0xF0, 0xFF, 0x01, 0xF8, 0xE3, 0x01, 0xFC, 0xE3, 0x01, 0xFC, 0xC3, 0x01, 0xFC, 0xC3, 0x01, 0x9E, 0xCD, 0x01, 0x0E, 0xCE, 0x01, 0x0E, 0xC7, 0x01, 0x1E, 0xE3, 0x00, 0x9E, 0xF3, 0x00, 0x8C, 0xFF, 0x00, 0x80, 0x7F, 0x00, 0xD0, 0x3F, 0x00, 0xD8, 0x3F, 0x00, 0xFC, 0x0D, 0x00, 0xFC, 0x00, 0x00, 0xFC, 0x00, 0x00, 0x7C, 0x00, 0x00, 0x38, 0x00, 0x00,  // Code for char &
                0x0A, 0x00, 0x00, 0x00, 0x00, 0x00, 0x00, 0x00, 0x00, 0x00, 0x00, 0x00, 0x00, 0x00, 0x00, 0x00, 0x70, 0x00, 0x00, 0xFC, 0x00, 0x00, 0x7E, 0x00, 0x00, 0x3E, 0x00, 0x00, 0x0E, 0x00, 0x00, 0x00, 0x00, 0x00, 0x00, 0x00, 0x00, 0x00, 0x00, 0x00, 0x00, 0x00, 0x00, 0x00, 0x00, 0x00, 0x00, 0x00, 0x00, 0x00, 0x00, 0x00, 0x00, 0x00, 0x00, 0x00, 0x00, 0x00, 0x00, 0x00, 0x00, 0x00, 0x00, 0x00, 0x00, 0x00, 0x00, 0x00, 0x00, 0x00, 0x00, 0x00, 0x00, 0x00, 0x00, 0x00,  // Code for char '
                0x11, 0x00, 0x00, 0x00, 0x00, 0x00, 0x00, 0x00, 0x00, 0x00, 0x00, 0xE0, 0x01, 0x00, 0xFC, 0x07, 0x00, 0xFF, 0x0F, 0xC0, 0xFF, 0x1F, 0xE0, 0xFF, 0x1F, 0xF0, 0x1F, 0x1E, 0xF8, 0x03, 0x1C, 0xFC, 0x00, 0x0C, 0x3C, 0x00, 0x00, 0x1E, 0x00, 0x00, 0x0E, 0x00, 0x00, 0x0E, 0x00, 0x00, 0x0E, 0x00, 0x00, 0x06, 0x00, 0x00, 0x00, 0x00, 0x00, 0x00, 0x00, 0x00, 0x00, 0x00, 0x00, 0x00, 0x00, 0x00, 0x00, 0x00, 0x00, 0x00, 0x00, 0x00, 0x00, 0x00, 0x00, 0x00, 0x00, 0x00,  // Code for char (
                0x0D, 0x00, 0x00, 0x1C, 0x00, 0x00, 0x1C, 0x00, 0x00, 0x1C, 0x00, 0x00, 0x1E, 0x00, 0x00, 0x0F, 0x0C, 0x80, 0x0F, 0x0E, 0xF0, 0x07, 0x0E, 0xFE, 0x03, 0xFE, 0xFF, 0x01, 0xFE, 0xFF, 0x00, 0xFC, 0x7F, 0x00, 0xF8, 0x0F, 0x00, 0xE0, 0x01, 0x00, 0x00, 0x00, 0x00, 0x00, 0x00, 0x00, 0x00, 0x00, 0x00, 0x00, 0x00, 0x00, 0x00, 0x00, 0x00, 0x00, 0x00, 0x00, 0x00, 0x00, 0x00, 0x00, 0x00, 0x00, 0x00, 0x00, 0x00, 0x00, 0x00, 0x00, 0x00, 0x00, 0x00, 0x00, 0x00, 0x00,  // Code for char )
                0x11, 0x00, 0x00, 0x00, 0x00, 0x00, 0x00, 0x00, 0x00, 0x00, 0x00, 0x00, 0x00, 0x00, 0x00, 0x00, 0x00, 0x00, 0x00, 0x30, 0x07, 0x00, 0x38, 0x07, 0x00, 0xB8, 0x03, 0x00, 0xF0, 0x01, 0x00, 0xF0, 0x00, 0x00, 0xFE, 0x07, 0x00, 0xFE, 0x07, 0x00, 0xFE, 0x03, 0x00, 0x30, 0x02, 0x00, 0x38, 0x00, 0x00, 0x38, 0x00, 0x00, 0x00, 0x00, 0x00, 0x00, 0x00, 0x00, 0x00, 0x00, 0x00, 0x00, 0x00, 0x00, 0x00, 0x00, 0x00, 0x00, 0x00, 0x00, 0x00, 0x00, 0x00, 0x00, 0x00, 0x00,  // Code for char *
                0x10, 0x00, 0x00, 0x00, 0x00, 0x00, 0x00, 0x00, 0x00, 0x00, 0x00, 0x00, 0x00, 0x00, 0x04, 0x00, 0x00, 0x07, 0x00, 0x00, 0x07, 0x00, 0x00, 0x67, 0x00, 0x00, 0x7F, 0x00, 0x80, 0x3F, 0x00, 0xE0, 0x1F, 0x00, 0xF0, 0x07, 0x00, 0x70, 0x07, 0x00, 0x00, 0x07, 0x00, 0x00, 0x07, 0x00, 0x00, 0x01, 0x00, 0x00, 0x00, 0x00, 0x00, 0x00, 0x00, 0x00, 0x00, 0x00, 0x00, 0x00, 0x00, 0x00, 0x00, 0x00, 0x00, 0x00, 0x00, 0x00, 0x00, 0x00, 0x00, 0x00, 0x00, 0x00, 0x00, 0x00,  // Code for char +
                0x07, 0x00, 0x00, 0x00, 0x00, 0x00, 0x30, 0x00, 0xE0, 0x3D, 0x00, 0xE0, 0x1F, 0x00, 0xF0, 0x07, 0x00, 0xF0, 0x03, 0x00, 0x60, 0x00, 0x00, 0x00, 0x00, 0x00, 0x00, 0x00, 0x00, 0x00, 0x00, 0x00, 0x00, 0x00, 0x00, 0x00, 0x00, 0x00, 0x00, 0x00, 0x00, 0x00, 0x00, 0x00, 0x00, 0x00, 0x00, 0x00, 0x00, 0x00, 0x00, 0x00, 0x00, 0x00, 0x00, 0x00, 0x00, 0x00, 0x00, 0x00, 0x00, 0x00, 0x00, 0x00, 0x00, 0x00, 0x00, 0x00, 0x00, 0x00, 0x00, 0x00, 0x00, 0x00, 0x00, 0x00,  // Code for char ,
                0x0A, 0x00, 0x00, 0x00, 0x00, 0x00, 0x00, 0x00, 0x18, 0x00, 0x00, 0x1C, 0x00, 0x00, 0x1E, 0x00, 0x00, 0x1E, 0x00, 0x00, 0x1E, 0x00, 0x00, 0x1E, 0x00, 0x00, 0x06, 0x00, 0x00, 0x02, 0x00, 0x00, 0x00, 0x00, 0x00, 0x00, 0x00, 0x00, 0x00, 0x00, 0x00, 0x00, 0x00, 0x00, 0x00, 0x00, 0x00, 0x00, 0x00, 0x00, 0x00, 0x00, 0x00, 0x00, 0x00, 0x00, 0x00, 0x00, 0x00, 0x00, 0x00, 0x00, 0x00, 0x00, 0x00, 0x00, 0x00, 0x00, 0x00, 0x00, 0x00, 0x00, 0x00, 0x00, 0x00, 0x00,  // Code for char -
                0x07, 0x00, 0x00, 0x00, 0x00, 0x00, 0x00, 0x00, 0xE0, 0x01, 0x00, 0xE0, 0x01, 0x00, 0xF0, 0x01, 0x00, 0xF0, 0x00, 0x00, 0x70, 0x00, 0x00, 0x00, 0x00, 0x00, 0x00, 0x00, 0x00, 0x00, 0x00, 0x00, 0x00, 0x00, 0x00, 0x00, 0x00, 0x00, 0x00, 0x00, 0x00, 0x00, 0x00, 0x00, 0x00, 0x00, 0x00, 0x00, 0x00, 0x00, 0x00, 0x00, 0x00, 0x00, 0x00, 0x00, 0x00, 0x00, 0x00, 0x00, 0x00, 0x00, 0x00, 0x00, 0x00, 0x00, 0x00, 0x00, 0x00, 0x00, 0x00, 0x00, 0x00, 0x00, 0x00, 0x00,  // Code for char .
                0x0F, 0x00, 0x00, 0x1E, 0x00, 0x00, 0x0F, 0x00, 0xC0, 0x03, 0x00, 0xE0, 0x01, 0x00, 0xF0, 0x00, 0x00, 0x3C, 0x00, 0x00, 0x1E, 0x00, 0x00, 0x0F, 0x00, 0x80, 0x03, 0x00, 0xE0, 0x01, 0x00, 0xF0, 0x00, 0x00, 0x38, 0x00, 0x00, 0x1E, 0x00, 0x00, 0x0E, 0x00, 0x00, 0x06, 0x00, 0x00, 0x00, 0x00, 0x00, 0x00, 0x00, 0x00, 0x00, 0x00, 0x00, 0x00, 0x00, 0x00, 0x00, 0x00, 0x00, 0x00, 0x00, 0x00, 0x00, 0x00, 0x00, 0x00, 0x00, 0x00, 0x00, 0x00, 0x00, 0x00, 0x00, 0x00,  // Code for char /
                0x10, 0x00, 0x00, 0x00, 0x00, 0x00, 0x00, 0x00, 0x00, 0x00, 0x00, 0x7C, 0x00, 0x00, 0xFF, 0x00, 0x80, 0xFF, 0x01, 0xC0, 0xFF, 0x01, 0xE0, 0xFF, 0x01, 0xE0, 0xC3, 0x01, 0x70, 0xE0, 0x01, 0x70, 0xFE, 0x00, 0xF0, 0x7F, 0x00, 0xF0, 0x7F, 0x00, 0xE0, 0x3F, 0x00, 0xE0, 0x0F, 0x00, 0x00, 0x01, 0x00, 0x00, 0x00, 0x00, 0x00, 0x00, 0x00, 0x00, 0x00, 0x00, 0x00, 0x00, 0x00, 0x00, 0x00, 0x00, 0x00, 0x00, 0x00, 0x00, 0x00, 0x00, 0x00, 0x00, 0x00, 0x00, 0x00, 0x00,  // Code for char 0
                0x0F, 0x00, 0x00, 0x00, 0x00, 0x00, 0x00, 0x00, 0xC0, 0x01, 0x00, 0xC0, 0x01, 0x80, 0xC0, 0x01, 0xC0, 0xF0, 0x01, 0xE0, 0xFC, 0x01, 0xE0, 0xFF, 0x01, 0xE0, 0xFF, 0x01, 0xF0, 0xFF, 0x01, 0xF0, 0xDF, 0x01, 0xF0, 0xC3, 0x00, 0x70, 0xC0, 0x00, 0x70, 0x00, 0x00, 0x30, 0x00, 0x00, 0x00, 0x00, 0x00, 0x00, 0x00, 0x00, 0x00, 0x00, 0x00, 0x00, 0x00, 0x00, 0x00, 0x00, 0x00, 0x00, 0x00, 0x00, 0x00, 0x00, 0x00, 0x00, 0x00, 0x00, 0x00, 0x00, 0x00, 0x00, 0x00, 0x00,  // Code for char 1
                0x0F, 0x00, 0x00, 0x01, 0x00, 0x80, 0x01, 0x00, 0x80, 0x01, 0x80, 0xC1, 0x01, 0xC0, 0xC1, 0x01, 0xC0, 0xE1, 0x01, 0xE0, 0xF0, 0x01, 0xE0, 0xF0, 0x01, 0xF0, 0xF8, 0x01, 0xF0, 0xDC, 0x01, 0xF0, 0xCF, 0x03, 0xF0, 0xCF, 0x03, 0xF0, 0xE7, 0x01, 0xF0, 0x63, 0x00, 0xE0, 0x01, 0x00, 0x00, 0x00, 0x00, 0x00, 0x00, 0x00, 0x00, 0x00, 0x00, 0x00, 0x00, 0x00, 0x00, 0x00, 0x00, 0x00, 0x00, 0x00, 0x00, 0x00, 0x00, 0x00, 0x00, 0x00, 0x00, 0x00, 0x00, 0x00, 0x00, 0x00,  // Code for char 2
                0x0F, 0x00, 0x00, 0x03, 0x00, 0x00, 0x07, 0x00, 0x00, 0x07, 0x00, 0x00, 0x07, 0xE0, 0x0C, 0x07, 0x60, 0x0C, 0x07, 0x60, 0x0C, 0x07, 0x70, 0x8C, 0x07, 0x70, 0x8E, 0x03, 0xF0, 0xFF, 0x03, 0xF0, 0xFF, 0x01, 0xF0, 0xFF, 0x01, 0xF0, 0xFE, 0x00, 0xE0, 0x7E, 0x00, 0x60, 0x1C, 0x00, 0x00, 0x00, 0x00, 0x00, 0x00, 0x00, 0x00, 0x00, 0x00, 0x00, 0x00, 0x00, 0x00, 0x00, 0x00, 0x00, 0x00, 0x00, 0x00, 0x00, 0x00, 0x00, 0x00, 0x00, 0x00, 0x00, 0x00, 0x00, 0x00, 0x00,  // Code for char 3
                0x10, 0x00, 0x00, 0x00, 0x00, 0xE0, 0x00, 0x00, 0xF0, 0x00, 0x00, 0xF8, 0x00, 0x00, 0xFC, 0x00, 0x00, 0xE4, 0x00, 0x00, 0xE2, 0x00, 0x00, 0xE3, 0x07, 0x80, 0xF1, 0x07, 0xC0, 0xFC, 0x07, 0xE0, 0xFF, 0x07, 0xE0, 0xFF, 0x03, 0xF0, 0xFF, 0x00, 0xF8, 0xFF, 0x00, 0xF8, 0x03, 0x00, 0x78, 0x00, 0x00, 0x00, 0x00, 0x00, 0x00, 0x00, 0x00, 0x00, 0x00, 0x00, 0x00, 0x00, 0x00, 0x00, 0x00, 0x00, 0x00, 0x00, 0x00, 0x00, 0x00, 0x00, 0x00, 0x00, 0x00, 0x00, 0x00, 0x00,  // Code for char 4
                0x11, 0x00, 0x00, 0x00, 0x00, 0x00, 0x03, 0x00, 0x00, 0x07, 0x00, 0x0C, 0x07, 0x00, 0x0E, 0x07, 0x80, 0x0F, 0x07, 0xC0, 0x1F, 0x07, 0xE0, 0x1F, 0x07, 0xF0, 0x9E, 0x03, 0xF0, 0xFE, 0x03, 0xF0, 0xFE, 0x03, 0xF0, 0xFC, 0x01, 0xF0, 0xFC, 0x00, 0xF0, 0x78, 0x00, 0xF0, 0x00, 0x00, 0x70, 0x00, 0x00, 0x30, 0x00, 0x00, 0x00, 0x00, 0x00, 0x00, 0x00, 0x00, 0x00, 0x00, 0x00, 0x00, 0x00, 0x00, 0x00, 0x00, 0x00, 0x00, 0x00, 0x00, 0x00, 0x00, 0x00, 0x00, 0x00, 0x00,  // Code for char 5
                0x10, 0x00, 0x00, 0x00, 0x00, 0x00, 0x00, 0x00, 0x00, 0x00, 0x00, 0x7C, 0x00, 0x00, 0xFF, 0x00, 0x80, 0xFF, 0x01, 0xE0, 0xFF, 0x01, 0xF0, 0xFF, 0x01, 0xF0, 0xC3, 0x01, 0xF8, 0xE1, 0x01, 0xBC, 0xFF, 0x00, 0xDC, 0x7F, 0x00, 0xCC, 0x7F, 0x00, 0xC0, 0x3F, 0x00, 0xC0, 0x0F, 0x00, 0x00, 0x01, 0x00, 0x00, 0x00, 0x00, 0x00, 0x00, 0x00, 0x00, 0x00, 0x00, 0x00, 0x00, 0x00, 0x00, 0x00, 0x00, 0x00, 0x00, 0x00, 0x00, 0x00, 0x00, 0x00, 0x00, 0x00, 0x00, 0x00, 0x00,  // Code for char 6
                0x11, 0x00, 0x00, 0x00, 0x00, 0x00, 0x00, 0x00, 0x00, 0x00, 0x00, 0x00, 0x04, 0x80, 0x01, 0x0E, 0xE0, 0x01, 0x0F, 0xF0, 0x81, 0x0F, 0xF8, 0xC0, 0x0F, 0xF0, 0xE0, 0x03, 0xF0, 0xF8, 0x01, 0xF0, 0x7C, 0x00, 0xF0, 0x3E, 0x00, 0xF0, 0x0F, 0x00, 0xF0, 0x07, 0x00, 0xF0, 0x01, 0x00, 0xF0, 0x00, 0x00, 0x30, 0x00, 0x00, 0x00, 0x00, 0x00, 0x00, 0x00, 0x00, 0x00, 0x00, 0x00, 0x00, 0x00, 0x00, 0x00, 0x00, 0x00, 0x00, 0x00, 0x00, 0x00, 0x00, 0x00, 0x00, 0x00, 0x00,  // Code for char 7
                0x11, 0x00, 0x00, 0x00, 0x00, 0x00, 0x00, 0x00, 0x60, 0x00, 0x00, 0xF8, 0x00, 0x80, 0xFC, 0x01, 0xE0, 0xFF, 0x01, 0xF0, 0xDF, 0x01, 0xF8, 0x87, 0x01, 0xF8, 0x8F, 0x01, 0xFC, 0xFF, 0x01, 0xCC, 0xFF, 0x00, 0x8C, 0xFF, 0x00, 0xCC, 0x7F, 0x00, 0xFC, 0x3F, 0x00, 0xFC, 0x1E, 0x00, 0x78, 0x00, 0x00, 0x38, 0x00, 0x00, 0x00, 0x00, 0x00, 0x00, 0x00, 0x00, 0x00, 0x00, 0x00, 0x00, 0x00, 0x00, 0x00, 0x00, 0x00, 0x00, 0x00, 0x00, 0x00, 0x00, 0x00, 0x00, 0x00, 0x00,  // Code for char 8
                0x10, 0x00, 0x00, 0x00, 0x00, 0x00, 0x00, 0x00, 0x00, 0x00, 0x00, 0x3C, 0x0C, 0x00, 0x7F, 0x0E, 0xC0, 0x7F, 0x0E, 0xC0, 0xFF, 0x07, 0xE0, 0xFF, 0x07, 0xE0, 0xF3, 0x03, 0x70, 0xF0, 0x01, 0x70, 0xFE, 0x00, 0xF0, 0x7F, 0x00, 0xF0, 0x3F, 0x00, 0xF0, 0x1F, 0x00, 0xE0, 0x0F, 0x00, 0xC0, 0x03, 0x00, 0x00, 0x00, 0x00, 0x00, 0x00, 0x00, 0x00, 0x00, 0x00, 0x00, 0x00, 0x00, 0x00, 0x00, 0x00, 0x00, 0x00, 0x00, 0x00, 0x00, 0x00, 0x00, 0x00, 0x00, 0x00, 0x00, 0x00,  // Code for char 9
                0x09, 0x00, 0x00, 0x00, 0x00, 0x00, 0x00, 0x00, 0xE0, 0x01, 0x00, 0xE0, 0x01, 0x80, 0xF7, 0x01, 0x80, 0xF7, 0x00, 0xC0, 0x77, 0x00, 0xC0, 0x03, 0x00, 0xC0, 0x01, 0x00, 0x00, 0x00, 0x00, 0x00, 0x00, 0x00, 0x00, 0x00, 0x00, 0x00, 0x00, 0x00, 0x00, 0x00, 0x00, 0x00, 0x00, 0x00, 0x00, 0x00, 0x00, 0x00, 0x00, 0x00, 0x00, 0x00, 0x00, 0x00, 0x00, 0x00, 0x00, 0x00, 0x00, 0x00, 0x00, 0x00, 0x00, 0x00, 0x00, 0x00, 0x00, 0x00, 0x00, 0x00, 0x00, 0x00, 0x00, 0x00,  // Code for char :
                0x09, 0x00, 0x00, 0x00, 0x00, 0x00, 0x30, 0x00, 0xE0, 0x3D, 0x00, 0xE0, 0x1F, 0x80, 0xF7, 0x07, 0x80, 0xF7, 0x03, 0xC0, 0x67, 0x00, 0xC0, 0x03, 0x00, 0xC0, 0x01, 0x00, 0x00, 0x00, 0x00, 0x00, 0x00, 0x00, 0x00, 0x00, 0x00, 0x00, 0x00, 0x00, 0x00, 0x00, 0x00, 0x00, 0x00, 0x00, 0x00, 0x00, 0x00, 0x00, 0x00, 0x00, 0x00, 0x00, 0x00, 0x00, 0x00, 0x00, 0x00, 0x00, 0x00, 0x00, 0x00, 0x00, 0x00, 0x00, 0x00, 0x00, 0x00, 0x00, 0x00, 0x00, 0x00, 0x00, 0x00, 0x00,  // Code for char ;
                0x11, 0x00, 0x00, 0x00, 0x00, 0x00, 0x00, 0x00, 0x00, 0x00, 0x00, 0x04, 0x00, 0x80, 0x0F, 0x00, 0xC0, 0x1F, 0x00, 0xE0, 0x1F, 0x00, 0xE0, 0x3F, 0x00, 0xF0, 0x7F, 0x00, 0xF0, 0xFE, 0x00, 0xF8, 0xFE, 0x01, 0x78, 0xFC, 0x00, 0x7C, 0x18, 0x00, 0x3C, 0x00, 0x00, 0x3E, 0x00, 0x00, 0x0E, 0x00, 0x00, 0x01, 0x00, 0x00, 0x00, 0x00, 0x00, 0x00, 0x00, 0x00, 0x00, 0x00, 0x00, 0x00, 0x00, 0x00, 0x00, 0x00, 0x00, 0x00, 0x00, 0x00, 0x00, 0x00, 0x00, 0x00, 0x00, 0x00,  // Code for char <
                0x11, 0x00, 0x00, 0x00, 0x00, 0x00, 0x00, 0x00, 0x00, 0x00, 0x00, 0x18, 0x00, 0x00, 0x1D, 0x00, 0xC0, 0x1D, 0x00, 0xC0, 0x1D, 0x00, 0xC0, 0x1D, 0x00, 0xC0, 0x1D, 0x00, 0xC0, 0x1D, 0x00, 0xC0, 0x1D, 0x00, 0xC0, 0x1D, 0x00, 0xC0, 0x1D, 0x00, 0xC0, 0x1D, 0x00, 0xC0, 0x0D, 0x00, 0xC0, 0x00, 0x00, 0x40, 0x00, 0x00, 0x00, 0x00, 0x00, 0x00, 0x00, 0x00, 0x00, 0x00, 0x00, 0x00, 0x00, 0x00, 0x00, 0x00, 0x00, 0x00, 0x00, 0x00, 0x00, 0x00, 0x00, 0x00, 0x00, 0x00,  // Code for char =
                0x0F, 0x00, 0x00, 0x00, 0x00, 0x00, 0x01, 0x00, 0xE0, 0x00, 0x00, 0xF8, 0x00, 0x00, 0x7C, 0x00, 0x30, 0x7C, 0x00, 0x7E, 0x3E, 0x00, 0xFE, 0x3E, 0x00, 0xFE, 0x1F, 0x00, 0xFC, 0x1F, 0x00, 0xF8, 0x0F, 0x00, 0xF0, 0x0F, 0x00, 0xE0, 0x07, 0x00, 0xE0, 0x03, 0x00, 0x40, 0x00, 0x00, 0x00, 0x00, 0x00, 0x00, 0x00, 0x00, 0x00, 0x00, 0x00, 0x00, 0x00, 0x00, 0x00, 0x00, 0x00, 0x00, 0x00, 0x00, 0x00, 0x00, 0x00, 0x00, 0x00, 0x00, 0x00, 0x00, 0x00, 0x00, 0x00, 0x00,  // Code for char >
                0x10, 0x00, 0x00, 0x00, 0x00, 0x00, 0x00, 0x00, 0x00, 0x00, 0x00, 0x00, 0x00, 0x70, 0xE0, 0x01, 0x78, 0xE0, 0x01, 0x7C, 0xF0, 0x01, 0x3C, 0xF7, 0x00, 0x0E, 0x77, 0x00, 0x8E, 0x03, 0x00, 0xCE, 0x01, 0x00, 0xFE, 0x01, 0x00, 0xFE, 0x00, 0x00, 0xFE, 0x00, 0x00, 0x7C, 0x00, 0x00, 0x38, 0x00, 0x00, 0x00, 0x00, 0x00, 0x00, 0x00, 0x00, 0x00, 0x00, 0x00, 0x00, 0x00, 0x00, 0x00, 0x00, 0x00, 0x00, 0x00, 0x00, 0x00, 0x00, 0x00, 0x00, 0x00, 0x00, 0x00, 0x00, 0x00,  // Code for char ?
                0x16, 0x00, 0x00, 0x00, 0x00, 0x00, 0x00, 0x00, 0x00, 0x00, 0x00, 0x7C, 0x00, 0x00, 0xFF, 0x00, 0x80, 0xC3, 0x01, 0xC0, 0x80, 0x01, 0x60, 0x9C, 0x01, 0x30, 0x9F, 0x01, 0x98, 0x9F, 0x01, 0xD8, 0x9B, 0x01, 0xCC, 0x89, 0x01, 0xEC, 0x8C, 0x00, 0x66, 0xDE, 0x00, 0xE6, 0xDF, 0x00, 0xC6, 0x1F, 0x00, 0xE6, 0x0B, 0x00, 0xE6, 0x0C, 0x00, 0x2E, 0x06, 0x00, 0x9C, 0x03, 0x00, 0xFC, 0x01, 0x00, 0x70, 0x00, 0x00, 0x00, 0x00, 0x00, 0x00, 0x00, 0x00, 0x00, 0x00, 0x00,  // Code for char @
                0x15, 0x00, 0x00, 0x00, 0x00, 0xC0, 0x01, 0x00, 0xC0, 0x01, 0x00, 0xE0, 0x01, 0x00, 0xF0, 0x01, 0x00, 0xF8, 0x01, 0x00, 0xDC, 0x00, 0x00, 0x5E, 0x00, 0x80, 0x1F, 0x00, 0xC0, 0x1F, 0x00, 0xE0, 0x1D, 0x00, 0x7C, 0x1C, 0x00, 0x7C, 0xDC, 0x01, 0xFE, 0xDF, 0x01, 0xFE, 0xFF, 0x01, 0xFE, 0xFF, 0x01, 0xFC, 0xFF, 0x01, 0xF0, 0xFF, 0x01, 0x00, 0xFF, 0x01, 0x00, 0xC0, 0x00, 0x00, 0x40, 0x00, 0x00, 0x00, 0x00, 0x00, 0x00, 0x00, 0x00, 0x00, 0x00, 0x00, 0x00, 0x00,  // Code for char A
                0x13, 0x00, 0x00, 0x00, 0x00, 0x00, 0x00, 0x00, 0xC0, 0x01, 0x00, 0xF0, 0x01, 0x00, 0xFC, 0x01, 0x80, 0xFF, 0x01, 0xFC, 0xFF, 0x01, 0xFE, 0xFF, 0x01, 0xFE, 0xDF, 0x01, 0xFE, 0xC3, 0x01, 0xFE, 0xC3, 0x01, 0x8E, 0xC3, 0x01, 0x8E, 0xE7, 0x01, 0xCE, 0xFF, 0x00, 0xFE, 0xFF, 0x00, 0xFE, 0x7F, 0x00, 0xFE, 0x3F, 0x00, 0x7E, 0x1E, 0x00, 0x3C, 0x00, 0x00, 0x00, 0x00, 0x00, 0x00, 0x00, 0x00, 0x00, 0x00, 0x00, 0x00, 0x00, 0x00, 0x00, 0x00, 0x00, 0x00, 0x00, 0x00,  // Code for char B
                0x14, 0x00, 0x00, 0x00, 0x00, 0x00, 0x00, 0x00, 0x00, 0x00, 0x00, 0x1C, 0x00, 0x80, 0x7F, 0x00, 0xC0, 0xFF, 0x00, 0xE0, 0xFF, 0x00, 0xF0, 0xFF, 0x01, 0xF8, 0xFF, 0x01, 0x7C, 0xF0, 0x01, 0x1C, 0xE0, 0x01, 0x0C, 0xE0, 0x01, 0x0E, 0xE0, 0x00, 0x0E, 0xE0, 0x00, 0x0E, 0xE0, 0x00, 0x3E, 0x70, 0x00, 0xFE, 0x38, 0x00, 0xFC, 0x18, 0x00, 0x7C, 0x00, 0x00, 0x3C, 0x00, 0x00, 0x00, 0x00, 0x00, 0x00, 0x00, 0x00, 0x00, 0x00, 0x00, 0x00, 0x00, 0x00, 0x00, 0x00, 0x00,  // Code for char C
                0x15, 0x00, 0x00, 0x00, 0x00, 0x00, 0x00, 0x00, 0xC0, 0x01, 0x00, 0xF0, 0x01, 0x00, 0xFC, 0x01, 0x80, 0xFF, 0x01, 0xFC, 0xFF, 0x01, 0xFE, 0xFF, 0x01, 0xFE, 0xDF, 0x01, 0xFE, 0xC3, 0x01, 0x7E, 0xC0, 0x01, 0x0E, 0xC0, 0x01, 0x0E, 0xE0, 0x01, 0x0E, 0xE0, 0x01, 0x0E, 0xF0, 0x00, 0x1E, 0xFC, 0x00, 0xFE, 0x7F, 0x00, 0xFE, 0x3F, 0x00, 0xFE, 0x1F, 0x00, 0xFC, 0x0F, 0x00, 0xF8, 0x03, 0x00, 0x00, 0x00, 0x00, 0x00, 0x00, 0x00, 0x00, 0x00, 0x00, 0x00, 0x00, 0x00,  // Code for char D
                0x15, 0x00, 0x00, 0x00, 0x00, 0x00, 0x01, 0x00, 0xC0, 0x01, 0x00, 0xF0, 0x01, 0x00, 0xFC, 0x01, 0x80, 0xFF, 0x01, 0xFC, 0xFF, 0x01, 0xFE, 0xFF, 0x01, 0xFE, 0xDF, 0x01, 0xFE, 0xC3, 0x01, 0xFE, 0xC3, 0x01, 0x8E, 0xC3, 0x01, 0x8E, 0xCF, 0x01, 0x8E, 0xCF, 0x01, 0xEE, 0xE7, 0x01, 0xEE, 0xE1, 0x01, 0x0E, 0xF0, 0x00, 0x1E, 0x38, 0x00, 0x3E, 0x18, 0x00, 0x3E, 0x00, 0x00, 0x0C, 0x00, 0x00, 0x00, 0x00, 0x00, 0x00, 0x00, 0x00, 0x00, 0x00, 0x00, 0x00, 0x00, 0x00,  // Code for char E
                0x14, 0x00, 0x00, 0x00, 0x00, 0x00, 0x00, 0x00, 0xC0, 0x01, 0x00, 0xF0, 0x01, 0x00, 0xFC, 0x01, 0x80, 0xFF, 0x01, 0xFC, 0xFF, 0x01, 0xFE, 0xFF, 0x01, 0xFE, 0xDF, 0x00, 0xFE, 0x03, 0x00, 0xFE, 0x03, 0x00, 0x9E, 0x1F, 0x00, 0xCE, 0x1F, 0x00, 0xEE, 0x0F, 0x00, 0xEE, 0x03, 0x00, 0x0E, 0x00, 0x00, 0x1E, 0x00, 0x00, 0x3E, 0x00, 0x00, 0x3E, 0x00, 0x00, 0x0C, 0x00, 0x00, 0x00, 0x00, 0x00, 0x00, 0x00, 0x00, 0x00, 0x00, 0x00, 0x00, 0x00, 0x00, 0x00, 0x00, 0x00,  // Code for char F
                0x15, 0x00, 0x00, 0x00, 0x00, 0x00, 0x00, 0x00, 0x00, 0x00, 0x00, 0x1C, 0x00, 0x80, 0x7F, 0x00, 0xC0, 0xFF, 0x00, 0xE0, 0xFF, 0x00, 0xF0, 0xFF, 0x01, 0xF8, 0xFF, 0x01, 0x7C, 0xE0, 0x01, 0x3C, 0xC0, 0x01, 0x1C, 0xC8, 0x01, 0x0E, 0xCC, 0x01, 0x0E, 0xFE, 0x00, 0x0E, 0xFE, 0x00, 0x0E, 0xFE, 0x00, 0x1E, 0x7E, 0x00, 0x7E, 0x3E, 0x00, 0x7E, 0x1E, 0x00, 0x7E, 0x0E, 0x00, 0x3E, 0x0C, 0x00, 0x00, 0x00, 0x00, 0x00, 0x00, 0x00, 0x00, 0x00, 0x00, 0x00, 0x00, 0x00,  // Code for char G
                0x17, 0x00, 0x00, 0x00, 0x00, 0x00, 0x00, 0x00, 0xC0, 0x01, 0x00, 0xF0, 0x01, 0x00, 0xFC, 0x01, 0x80, 0xFF, 0x01, 0xFC, 0xFF, 0x01, 0xFE, 0xFF, 0x01, 0xFE, 0xDF, 0x00, 0xFE, 0x03, 0x00, 0xFE, 0x03, 0x00, 0x8E, 0x03, 0x00, 0x86, 0xC3, 0x01, 0x80, 0xF3, 0x01, 0x80, 0xFF, 0x01, 0x80, 0xFF, 0x01, 0xFC, 0xFF, 0x01, 0xFE, 0xFF, 0x01, 0xFE, 0xDF, 0x00, 0xFE, 0x03, 0x00, 0x7E, 0x00, 0x00, 0x0E, 0x00, 0x00, 0x06, 0x00, 0x00, 0x00, 0x00, 0x00, 0x00, 0x00, 0x00,  // Code for char H
                0x12, 0x00, 0x00, 0x00, 0x00, 0x00, 0x00, 0x00, 0x00, 0x00, 0x00, 0x00, 0x00, 0x00, 0x00, 0x00, 0x00, 0x00, 0x00, 0x00, 0x00, 0x00, 0x00, 0xC0, 0x01, 0x00, 0xF0, 0x01, 0x00, 0xFC, 0x01, 0x80, 0xFF, 0x01, 0xFC, 0xFF, 0x01, 0xFE, 0xFF, 0x01, 0xFE, 0xDF, 0x00, 0xFE, 0x03, 0x00, 0x7E, 0x00, 0x00, 0x0E, 0x00, 0x00, 0x06, 0x00, 0x00, 0x00, 0x00, 0x00, 0x00, 0x00, 0x00, 0x00, 0x00, 0x00, 0x00, 0x00, 0x00, 0x00, 0x00, 0x00, 0x00, 0x00, 0x00, 0x00, 0x00, 0x00,  // Code for char I
                0x13, 0x00, 0x00, 0x00, 0x00, 0x60, 0x00, 0x00, 0xF8, 0x00, 0x00, 0xFC, 0x00, 0x00, 0xFC, 0x01, 0x00, 0xFC, 0x01, 0x00, 0xC8, 0x01, 0x00, 0xC0, 0x01, 0x00, 0xC0, 0x01, 0x00, 0xF0, 0x01, 0x00, 0xFC, 0x00, 0x80, 0xFF, 0x00, 0xFC, 0x7F, 0x00, 0xFE, 0x3F, 0x00, 0xFE, 0x0F, 0x00, 0xFE, 0x03, 0x00, 0x7E, 0x00, 0x00, 0x0E, 0x00, 0x00, 0x06, 0x00, 0x00, 0x00, 0x00, 0x00, 0x00, 0x00, 0x00, 0x00, 0x00, 0x00, 0x00, 0x00, 0x00, 0x00, 0x00, 0x00, 0x00, 0x00, 0x00,  // Code for char J
                0x17, 0x00, 0x00, 0x00, 0x00, 0x00, 0x00, 0x00, 0xC0, 0x01, 0x00, 0xF0, 0x01, 0x00, 0xFC, 0x01, 0x80, 0xFF, 0x01, 0xFC, 0xFF, 0x01, 0xFE, 0xFF, 0x01, 0xFE, 0xDF, 0x00, 0xFE, 0x0F, 0x00, 0xFE, 0x1F, 0x00, 0x8E, 0x7F, 0x00, 0xC6, 0xFF, 0x01, 0xE0, 0xFF, 0x01, 0x60, 0xFE, 0x01, 0x7C, 0xF8, 0x01, 0x3E, 0xF0, 0x01, 0x3E, 0xC0, 0x01, 0x1E, 0xC0, 0x01, 0x0E, 0xC0, 0x01, 0x0E, 0x80, 0x00, 0x0E, 0x00, 0x00, 0x06, 0x00, 0x00, 0x00, 0x00, 0x00, 0x00, 0x00, 0x00,  // Code for char K
                0x10, 0x00, 0x00, 0x00, 0x00, 0x00, 0x01, 0x00, 0xC0, 0x01, 0x00, 0xE0, 0x01, 0x00, 0xFC, 0x01, 0x80, 0xFF, 0x01, 0xFC, 0xFF, 0x01, 0xFE, 0xFF, 0x01, 0xFE, 0xFF, 0x01, 0xFE, 0xC3, 0x01, 0x7E, 0xC0, 0x01, 0x0E, 0xC0, 0x01, 0x06, 0xE0, 0x01, 0x00, 0xF0, 0x01, 0x00, 0xF8, 0x00, 0x00, 0x78, 0x00, 0x00, 0x00, 0x00, 0x00, 0x00, 0x00, 0x00, 0x00, 0x00, 0x00, 0x00, 0x00, 0x00, 0x00, 0x00, 0x00, 0x00, 0x00, 0x00, 0x00, 0x00, 0x00, 0x00, 0x00, 0x00, 0x00, 0x00,  // Code for char L
                0x19, 0x00, 0x00, 0x00, 0x00, 0x00, 0x00, 0x00, 0xC0, 0x01, 0x00, 0xF0, 0x01, 0x00, 0xFC, 0x01, 0x80, 0xFF, 0x01, 0xFC, 0xDF, 0x00, 0xFE, 0x03, 0x00, 0xFE, 0x03, 0x00, 0xFE, 0xFF, 0x00, 0xFE, 0xFF, 0x00, 0xFE, 0x3F, 0x00, 0xFE, 0x1F, 0x00, 0x80, 0x0F, 0x00, 0x80, 0xC7, 0x01, 0xC0, 0xF3, 0x01, 0xE0, 0xFF, 0x01, 0xF0, 0xFF, 0x01, 0xF8, 0xFF, 0x01, 0xFC, 0xFF, 0x01, 0xFE, 0xDF, 0x00, 0xFE, 0x03, 0x00, 0x7E, 0x00, 0x00, 0x0E, 0x00, 0x00, 0x06, 0x00, 0x00,  // Code for char M
                0x17, 0x00, 0x00, 0x00, 0x00, 0x00, 0x00, 0x00, 0x00, 0x00, 0x00, 0xC0, 0x01, 0x00, 0xF0, 0x01, 0x00, 0xFC, 0x01, 0x80, 0xFF, 0x01, 0xFC, 0xDF, 0x00, 0xFE, 0x03, 0x00, 0xFE, 0x01, 0x00, 0xFE, 0x01, 0x00, 0xFE, 0x07, 0x00, 0xFC, 0x1F, 0x00, 0xF0, 0x3F, 0x00, 0xC0, 0xFF, 0x00, 0x00, 0xFF, 0x01, 0x00, 0xFF, 0x01, 0x80, 0x7F, 0x00, 0xFC, 0x1F, 0x00, 0xFE, 0x03, 0x00, 0x7E, 0x00, 0x00, 0x0E, 0x00, 0x00, 0x06, 0x00, 0x00, 0x00, 0x00, 0x00, 0x00, 0x00, 0x00,  // Code for char N
                0x15, 0x00, 0x00, 0x00, 0x00, 0x00, 0x00, 0x00, 0x00, 0x00, 0x00, 0x1C, 0x00, 0x80, 0x7F, 0x00, 0xC0, 0xFF, 0x00, 0xE0, 0xFF, 0x00, 0xF0, 0xFF, 0x01, 0xF8, 0xFF, 0x01, 0x7C, 0xF0, 0x01, 0x1C, 0xC0, 0x01, 0x0C, 0xC0, 0x01, 0x0E, 0xC0, 0x01, 0x0E, 0xE0, 0x00, 0x1E, 0xF0, 0x00, 0xFE, 0x7F, 0x00, 0xFE, 0x7F, 0x00, 0xFE, 0x3F, 0x00, 0xFC, 0x1F, 0x00, 0xF8, 0x0F, 0x00, 0xF0, 0x03, 0x00, 0x00, 0x00, 0x00, 0x00, 0x00, 0x00, 0x00, 0x00, 0x00, 0x00, 0x00, 0x00,  // Code for char O
                0x13, 0x00, 0x00, 0x00, 0x00, 0x00, 0x00, 0x00, 0xC0, 0x01, 0x00, 0xE0, 0x01, 0x00, 0xFC, 0x01, 0x80, 0xFF, 0x01, 0xFC, 0xFF, 0x01, 0xFE, 0xFF, 0x00, 0xFE, 0xDF, 0x00, 0xFE, 0x07, 0x00, 0x7E, 0x07, 0x00, 0x0E, 0x07, 0x00, 0x0E, 0x07, 0x00, 0x8E, 0x07, 0x00, 0xFE, 0x03, 0x00, 0xFE, 0x03, 0x00, 0xFE, 0x01, 0x00, 0xFC, 0x00, 0x00, 0x7C, 0x00, 0x00, 0x00, 0x00, 0x00, 0x00, 0x00, 0x00, 0x00, 0x00, 0x00, 0x00, 0x00, 0x00, 0x00, 0x00, 0x00, 0x00, 0x00, 0x00,  // Code for char P
                0x15, 0x00, 0x00, 0x00, 0x00, 0x00, 0x02, 0x00, 0x00, 0x03, 0x00, 0x3C, 0x03, 0x80, 0xFF, 0x07, 0xC0, 0xFF, 0x07, 0xE0, 0xFF, 0x0F, 0xF0, 0xFF, 0x0F, 0xF8, 0xFF, 0x0F, 0x78, 0xF0, 0x1F, 0x1C, 0xC0, 0x1F, 0x0C, 0xC0, 0x1F, 0x0E, 0xC0, 0x1F, 0x0E, 0xE0, 0x1D, 0x1E, 0xF0, 0x1C, 0xFE, 0xFF, 0x0C, 0xFE, 0x7F, 0x0C, 0xFE, 0x3F, 0x04, 0xFC, 0x1F, 0x00, 0xF8, 0x0F, 0x00, 0xF0, 0x03, 0x00, 0x00, 0x00, 0x00, 0x00, 0x00, 0x00, 0x00, 0x00, 0x00, 0x00, 0x00, 0x00,  // Code for char Q
                0x13, 0x00, 0x00, 0x00, 0x00, 0x00, 0x00, 0x00, 0xC0, 0x01, 0x00, 0xF0, 0x01, 0x00, 0xFC, 0x01, 0x80, 0xFF, 0x01, 0xFC, 0xFF, 0x01, 0xFE, 0xFF, 0x01, 0xFE, 0xDF, 0x00, 0xFE, 0x03, 0x00, 0xFE, 0x03, 0x00, 0x8E, 0xFF, 0x00, 0x8E, 0xFF, 0x01, 0xCE, 0xFF, 0x01, 0xFE, 0xFF, 0x01, 0xFE, 0xFF, 0x01, 0xFE, 0xC0, 0x01, 0x7E, 0xC0, 0x00, 0x3C, 0x40, 0x00, 0x00, 0x00, 0x00, 0x00, 0x00, 0x00, 0x00, 0x00, 0x00, 0x00, 0x00, 0x00, 0x00, 0x00, 0x00, 0x00, 0x00, 0x00,  // Code for char R
                0x12, 0x00, 0x00, 0x00, 0x00, 0x00, 0x00, 0x00, 0x60, 0x00, 0x00, 0xFC, 0x00, 0x00, 0xFC, 0x01, 0xE0, 0xF3, 0x01, 0xF8, 0xC3, 0x01, 0xF8, 0xC7, 0x01, 0xFC, 0xC7, 0x01, 0xFC, 0xCF, 0x01, 0xCE, 0xFF, 0x01, 0x8E, 0xFF, 0x00, 0x8E, 0xFF, 0x00, 0x9E, 0x7F, 0x00, 0x3E, 0x3F, 0x00, 0x7C, 0x0F, 0x00, 0x7C, 0x00, 0x00, 0x3C, 0x00, 0x00, 0x00, 0x00, 0x00, 0x00, 0x00, 0x00, 0x00, 0x00, 0x00, 0x00, 0x00, 0x00, 0x00, 0x00, 0x00, 0x00, 0x00, 0x00, 0x00, 0x00, 0x00,  // Code for char S
                0x15, 0x00, 0x00, 0x00, 0x00, 0x00, 0x00, 0x00, 0x00, 0x00, 0x00, 0x00, 0x00, 0x70, 0x00, 0x00, 0x78, 0x00, 0x00, 0x3C, 0xC0, 0x01, 0x3E, 0xF0, 0x01, 0x1E, 0xFC, 0x01, 0x8E, 0xFF, 0x01, 0xFE, 0xFF, 0x01, 0xFE, 0xFF, 0x01, 0xFE, 0xDF, 0x00, 0xFE, 0x03, 0x00, 0x7E, 0x00, 0x00, 0x0E, 0x00, 0x00, 0x0E, 0x00, 0x00, 0x7E, 0x00, 0x00, 0x7E, 0x00, 0x00, 0x7E, 0x00, 0x00, 0x3E, 0x00, 0x00, 0x00, 0x00, 0x00, 0x00, 0x00, 0x00, 0x00, 0x00, 0x00, 0x00, 0x00, 0x00,  // Code for char T
                0x18, 0x00, 0x00, 0x00, 0x00, 0x00, 0x00, 0x00, 0x00, 0x00, 0x00, 0x00, 0x00, 0x00, 0x7E, 0x00, 0x80, 0xFF, 0x00, 0xFC, 0xFF, 0x01, 0xFE, 0xFF, 0x01, 0xFE, 0xFF, 0x01, 0xFE, 0xE3, 0x01, 0x7E, 0xC0, 0x01, 0x0E, 0xC0, 0x01, 0x06, 0xC0, 0x01, 0x00, 0xC0, 0x01, 0x00, 0xC0, 0x00, 0x00, 0xE0, 0x00, 0x00, 0x70, 0x00, 0x00, 0x7C, 0x00, 0x80, 0x3F, 0x00, 0xFC, 0x0F, 0x00, 0xFE, 0x03, 0x00, 0x7E, 0x00, 0x00, 0x0E, 0x00, 0x00, 0x06, 0x00, 0x00, 0x00, 0x00, 0x00,  // Code for char U
                0x18, 0x00, 0x00, 0x00, 0x00, 0x00, 0x00, 0x00, 0x00, 0x00, 0x00, 0x00, 0x00, 0x00, 0x00, 0x00, 0x0C, 0x00, 0x00, 0xFE, 0x00, 0x00, 0xFE, 0xFF, 0x00, 0xFE, 0xFF, 0x01, 0xFE, 0xFF, 0x01, 0xFE, 0xFF, 0x00, 0xFE, 0x7F, 0x00, 0x06, 0x3E, 0x00, 0x00, 0x1E, 0x00, 0x00, 0x0F, 0x00, 0x80, 0x07, 0x00, 0xC0, 0x03, 0x00, 0xEC, 0x00, 0x00, 0x7E, 0x00, 0x00, 0x3E, 0x00, 0x00, 0x1E, 0x00, 0x00, 0x0E, 0x00, 0x00, 0x0E, 0x00, 0x00, 0x06, 0x00, 0x00, 0x00, 0x00, 0x00,  // Code for char V
                0x19, 0x00, 0x00, 0x00, 0x00, 0x00, 0x00, 0x00, 0x00, 0x00, 0x00, 0x00, 0x00, 0x00, 0x00, 0x00, 0x0C, 0x00, 0x00, 0xFE, 0xFF, 0x00, 0xFE, 0xFF, 0x01, 0xFE, 0xFF, 0x01, 0xFE, 0xFF, 0x01, 0xFE, 0xFF, 0x00, 0x1E, 0x3F, 0x00, 0x06, 0x1F, 0x00, 0x80, 0x0F, 0x00, 0xCC, 0x03, 0x00, 0xFE, 0x0F, 0x00, 0xFE, 0xFF, 0x01, 0xFE, 0xFF, 0x01, 0xFE, 0xFF, 0x01, 0xFE, 0xFF, 0x00, 0x8E, 0x7F, 0x00, 0x0E, 0x3F, 0x00, 0x06, 0x0F, 0x00, 0xC0, 0x07, 0x00, 0xEC, 0x01, 0x00,  // Code for char W
                0x17, 0x00, 0x00, 0x00, 0x00, 0xC0, 0x01, 0x00, 0xC0, 0x01, 0x00, 0xC0, 0x01, 0x00, 0xE0, 0x01, 0x00, 0xF0, 0x01, 0x0C, 0xF0, 0x01, 0x0E, 0x98, 0x00, 0x3E, 0x0C, 0x00, 0xFE, 0x06, 0x00, 0xFE, 0x07, 0x00, 0xFE, 0xCF, 0x01, 0xFE, 0xFF, 0x01, 0xFE, 0xFF, 0x01, 0xC6, 0xFF, 0x01, 0x60, 0xFF, 0x01, 0x30, 0xFC, 0x01, 0x3C, 0xF0, 0x01, 0x1E, 0xC0, 0x00, 0x0E, 0x40, 0x00, 0x0E, 0x00, 0x00, 0x0E, 0x00, 0x00, 0x06, 0x00, 0x00, 0x00, 0x00, 0x00, 0x00, 0x00, 0x00,  // Code for char X
                0x18, 0x00, 0x00, 0x00, 0x00, 0x00, 0x00, 0x00, 0x00, 0x00, 0x00, 0x00, 0x00, 0x00, 0x00, 0x00, 0x0C, 0x00, 0x00, 0x0E, 0x00, 0x00, 0x3E, 0xC0, 0x01, 0x7E, 0xF0, 0x01, 0xFE, 0xFF, 0x01, 0xFE, 0xFF, 0x01, 0xFE, 0xFF, 0x01, 0xFE, 0xFF, 0x01, 0xFE, 0xDF, 0x00, 0xC6, 0x03, 0x00, 0xC0, 0x00, 0x00, 0x60, 0x00, 0x00, 0x7C, 0x00, 0x00, 0x3E, 0x00, 0x00, 0x1E, 0x00, 0x00, 0x1E, 0x00, 0x00, 0x0E, 0x00, 0x00, 0x0E, 0x00, 0x00, 0x06, 0x00, 0x00, 0x00, 0x00, 0x00,  // Code for char Y
                0x14, 0x00, 0x00, 0x00, 0x00, 0x00, 0x01, 0x00, 0x80, 0x01, 0x00, 0xC0, 0x01, 0x00, 0xF0, 0x01, 0x70, 0xF8, 0x01, 0x78, 0xFC, 0x01, 0x3C, 0xFE, 0x01, 0x1E, 0xFF, 0x01, 0x8E, 0xFF, 0x01, 0xCE, 0xDF, 0x01, 0xEE, 0xCF, 0x01, 0xFE, 0xC7, 0x01, 0xFE, 0xE1, 0x01, 0xFE, 0xF0, 0x01, 0x7E, 0xF8, 0x00, 0x3E, 0x78, 0x00, 0x1E, 0x10, 0x00, 0x0E, 0x00, 0x00, 0x06, 0x00, 0x00, 0x00, 0x00, 0x00, 0x00, 0x00, 0x00, 0x00, 0x00, 0x00, 0x00, 0x00, 0x00, 0x00, 0x00, 0x00,  // Code for char Z
                0x10, 0x00, 0x00, 0x00, 0x00, 0x00, 0x00, 0x00, 0x00, 0x18, 0x00, 0x00, 0x1F, 0x00, 0xE0, 0x1F, 0x00, 0xFC, 0x1F, 0x80, 0xFF, 0x1F, 0xF0, 0xFF, 0x1F, 0xFC, 0xFF, 0x18, 0xFE, 0x1F, 0x08, 0xFE, 0x03, 0x00, 0x7E, 0x00, 0x00, 0x0E, 0x00, 0x00, 0x06, 0x00, 0x00, 0x06, 0x00, 0x00, 0x06, 0x00, 0x00, 0x00, 0x00, 0x00, 0x00, 0x00, 0x00, 0x00, 0x00, 0x00, 0x00, 0x00, 0x00, 0x00, 0x00, 0x00, 0x00, 0x00, 0x00, 0x00, 0x00, 0x00, 0x00, 0x00, 0x00, 0x00, 0x00, 0x00,  // Code for char [
                0x0B, 0x00, 0x00, 0x00, 0x00, 0x00, 0x00, 0x00, 0x00, 0x00, 0x00, 0x00, 0x00, 0x00, 0x00, 0x00, 0x00, 0x00, 0x00, 0x1E, 0x00, 0x00, 0xFE, 0x7F, 0x00, 0xFE, 0xFF, 0x1F, 0xC0, 0xFF, 0x1F, 0x00, 0x00, 0x1F, 0x00, 0x00, 0x00, 0x00, 0x00, 0x00, 0x00, 0x00, 0x00, 0x00, 0x00, 0x00, 0x00, 0x00, 0x00, 0x00, 0x00, 0x00, 0x00, 0x00, 0x00, 0x00, 0x00, 0x00, 0x00, 0x00, 0x00, 0x00, 0x00, 0x00, 0x00, 0x00, 0x00, 0x00, 0x00, 0x00, 0x00, 0x00, 0x00, 0x00, 0x00, 0x00,  // Code for char BackSlash
                0x0E, 0x00, 0x00, 0x18, 0x00, 0x00, 0x18, 0x00, 0x00, 0x18, 0x00, 0x00, 0x1C, 0x00, 0x00, 0x1F, 0x00, 0xE0, 0x1F, 0x04, 0xFC, 0x1F, 0x86, 0xFF, 0x0F, 0xFE, 0xFF, 0x03, 0xFE, 0xFF, 0x00, 0xFE, 0x1F, 0x00, 0xFE, 0x03, 0x00, 0x7E, 0x00, 0x00, 0x0E, 0x00, 0x00, 0x00, 0x00, 0x00, 0x00, 0x00, 0x00, 0x00, 0x00, 0x00, 0x00, 0x00, 0x00, 0x00, 0x00, 0x00, 0x00, 0x00, 0x00, 0x00, 0x00, 0x00, 0x00, 0x00, 0x00, 0x00, 0x00, 0x00, 0x00, 0x00, 0x00, 0x00, 0x00, 0x00,  // Code for char ]
                0x0F, 0x00, 0x00, 0x00, 0x00, 0x00, 0x00, 0x00, 0x00, 0x00, 0x00, 0x01, 0x00, 0x80, 0x01, 0x00, 0xE0, 0x01, 0x00, 0xF0, 0x01, 0x00, 0xFC, 0x01, 0x00, 0xFE, 0x00, 0x00, 0x3E, 0x00, 0x00, 0xFE, 0x01, 0x00, 0xFE, 0x01, 0x00, 0xFE, 0x01, 0x00, 0xFE, 0x01, 0x00, 0xE0, 0x01, 0x00, 0x00, 0x00, 0x00, 0x00, 0x00, 0x00, 0x00, 0x00, 0x00, 0x00, 0x00, 0x00, 0x00, 0x00, 0x00, 0x00, 0x00, 0x00, 0x00, 0x00, 0x00, 0x00, 0x00, 0x00, 0x00, 0x00, 0x00, 0x00, 0x00, 0x00,  // Code for char ^
                0x0B, 0x00, 0x00, 0x1C, 0x00, 0x00, 0x1C, 0x00, 0x00, 0x1C, 0x00, 0x00, 0x1C, 0x00, 0x00, 0x1C, 0x00, 0x00, 0x1C, 0x00, 0x00, 0x1C, 0x00, 0x00, 0x1C, 0x00, 0x00, 0x1C, 0x00, 0x00, 0x1C, 0x00, 0x00, 0x1C, 0x00, 0x00, 0x00, 0x00, 0x00, 0x00, 0x00, 0x00, 0x00, 0x00, 0x00, 0x00, 0x00, 0x00, 0x00, 0x00, 0x00, 0x00, 0x00, 0x00, 0x00, 0x00, 0x00, 0x00, 0x00, 0x00, 0x00, 0x00, 0x00, 0x00, 0x00, 0x00, 0x00, 0x00, 0x00, 0x00, 0x00, 0x00, 0x00, 0x00, 0x00, 0x00,  // Code for char _
                0x0D, 0x00, 0x00, 0x00, 0x00, 0x00, 0x00, 0x00, 0x00, 0x00, 0x00, 0x00, 0x00, 0x00, 0x00, 0x00, 0x00, 0x00, 0x00, 0x00, 0x00, 0x00, 0x02, 0x00, 0x00, 0x07, 0x00, 0x00, 0x0F, 0x00, 0x00, 0x0F, 0x00, 0x00, 0x0F, 0x00, 0x00, 0x0D, 0x00, 0x00, 0x00, 0x00, 0x00, 0x00, 0x00, 0x00, 0x00, 0x00, 0x00, 0x00, 0x00, 0x00, 0x00, 0x00, 0x00, 0x00, 0x00, 0x00, 0x00, 0x00, 0x00, 0x00, 0x00, 0x00, 0x00, 0x00, 0x00, 0x00, 0x00, 0x00, 0x00, 0x00, 0x00, 0x00, 0x00, 0x00,  // Code for char `
                0x0F, 0x00, 0x00, 0x00, 0x00, 0x00, 0x00, 0x00, 0xE0, 0x00, 0x00, 0xF0, 0x01, 0x00, 0xF8, 0x01, 0x80, 0xF9, 0x01, 0xC0, 0xDD, 0x01, 0xC0, 0xCC, 0x00, 0x40, 0xEC, 0x01, 0x60, 0xFC, 0x01, 0xE0, 0xFF, 0x01, 0xE0, 0xFF, 0x01, 0xE0, 0xFF, 0x00, 0xE0, 0x5F, 0x00, 0xC0, 0x03, 0x00, 0x00, 0x00, 0x00, 0x00, 0x00, 0x00, 0x00, 0x00, 0x00, 0x00, 0x00, 0x00, 0x00, 0x00, 0x00, 0x00, 0x00, 0x00, 0x00, 0x00, 0x00, 0x00, 0x00, 0x00, 0x00, 0x00, 0x00, 0x00, 0x00, 0x00,  // Code for char a
                0x11, 0x00, 0x00, 0x00, 0x00, 0x00, 0x00, 0x00, 0x00, 0x00, 0x00, 0xE0, 0x00, 0x00, 0xFC, 0x00, 0x80, 0xFF, 0x01, 0xF8, 0xFF, 0x01, 0xFC, 0xFF, 0x01, 0xFC, 0x9F, 0x01, 0xFE, 0xC3, 0x01, 0xFE, 0xE0, 0x00, 0xCE, 0xFF, 0x00, 0xE0, 0x7F, 0x00, 0xE0, 0x7F, 0x00, 0xE0, 0x1F, 0x00, 0xE0, 0x0F, 0x00, 0x80, 0x03, 0x00, 0x00, 0x00, 0x00, 0x00, 0x00, 0x00, 0x00, 0x00, 0x00, 0x00, 0x00, 0x00, 0x00, 0x00, 0x00, 0x00, 0x00, 0x00, 0x00, 0x00, 0x00, 0x00, 0x00, 0x00,  // Code for char b
                0x0F, 0x00, 0x00, 0x00, 0x00, 0x00, 0x00, 0x00, 0x00, 0x00, 0x00, 0x7C, 0x00, 0x00, 0xFF, 0x00, 0x80, 0xFF, 0x01, 0x80, 0xFF, 0x01, 0xC0, 0xFF, 0x01, 0xC0, 0xF3, 0x01, 0xE0, 0xE0, 0x01, 0xE0, 0xE0, 0x00, 0xE0, 0x67, 0x00, 0xE0, 0x77, 0x00, 0xE0, 0x03, 0x00, 0xC0, 0x01, 0x00, 0x00, 0x00, 0x00, 0x00, 0x00, 0x00, 0x00, 0x00, 0x00, 0x00, 0x00, 0x00, 0x00, 0x00, 0x00, 0x00, 0x00, 0x00, 0x00, 0x00, 0x00, 0x00, 0x00, 0x00, 0x00, 0x00, 0x00, 0x00, 0x00, 0x00,  // Code for char c
                0x13, 0x00, 0x00, 0x00, 0x00, 0x00, 0x00, 0x00, 0x00, 0x00, 0x00, 0xFC, 0x00, 0x00, 0xFF, 0x01, 0x80, 0xFF, 0x01, 0xC0, 0xFF, 0x01, 0xC0, 0xFF, 0x01, 0xE0, 0xC3, 0x00, 0xE0, 0xC1, 0x00, 0xE0, 0xF0, 0x01, 0xE0, 0xFE, 0x01, 0xC0, 0xFF, 0x01, 0xFC, 0xFF, 0x01, 0xFC, 0xFF, 0x00, 0xFC, 0x9F, 0x00, 0xFE, 0x03, 0x00, 0x7E, 0x00, 0x00, 0x0E, 0x00, 0x00, 0x00, 0x00, 0x00, 0x00, 0x00, 0x00, 0x00, 0x00, 0x00, 0x00, 0x00, 0x00, 0x00, 0x00, 0x00, 0x00, 0x00, 0x00,  // Code for char d
                0x0F, 0x00, 0x00, 0x00, 0x00, 0x00, 0x00, 0x00, 0x00, 0x00, 0x00, 0xFC, 0x00, 0x00, 0xFF, 0x00, 0x80, 0xFF, 0x01, 0x80, 0xFF, 0x01, 0xC0, 0xFF, 0x01, 0xE0, 0xC7, 0x01, 0x60, 0xC6, 0x01, 0x60, 0xC6, 0x00, 0xE0, 0xE7, 0x00, 0xE0, 0x67, 0x00, 0xC0, 0x07, 0x00, 0x80, 0x03, 0x00, 0x00, 0x00, 0x00, 0x00, 0x00, 0x00, 0x00, 0x00, 0x00, 0x00, 0x00, 0x00, 0x00, 0x00, 0x00, 0x00, 0x00, 0x00, 0x00, 0x00, 0x00, 0x00, 0x00, 0x00, 0x00, 0x00, 0x00, 0x00, 0x00, 0x00,  // Code for char e
                0x0F, 0x00, 0x00, 0x00, 0x00, 0xC0, 0x01, 0x00, 0xC0, 0x01, 0x00, 0xF3, 0x01, 0x80, 0xFF, 0x01, 0xF0, 0xFF, 0x01, 0xF8, 0xFF, 0x01, 0xFC, 0xFF, 0x01, 0xFE, 0xFF, 0x00, 0xCE, 0xC3, 0x00, 0x8E, 0x03, 0x00, 0xBE, 0x01, 0x00, 0x3E, 0x00, 0x00, 0x1C, 0x00, 0x00, 0x08, 0x00, 0x00, 0x00, 0x00, 0x00, 0x00, 0x00, 0x00, 0x00, 0x00, 0x00, 0x00, 0x00, 0x00, 0x00, 0x00, 0x00, 0x00, 0x00, 0x00, 0x00, 0x00, 0x00, 0x00, 0x00, 0x00, 0x00, 0x00, 0x00, 0x00, 0x00, 0x00,  // Code for char f
                0x12, 0x00, 0x00, 0x00, 0x00, 0x00, 0x0E, 0x00, 0xE0, 0x1F, 0x00, 0xF0, 0x1F, 0x00, 0xFF, 0x19, 0x80, 0xFF, 0x19, 0xC0, 0xDF, 0x19, 0xC0, 0xCF, 0x19, 0xE0, 0xCF, 0x1D, 0x60, 0xC8, 0x0F, 0x20, 0xCC, 0x0F, 0xE0, 0xCF, 0x0F, 0xE0, 0xC7, 0x07, 0xE0, 0xC7, 0x03, 0xE0, 0x03, 0x00, 0xE0, 0x01, 0x00, 0x60, 0x00, 0x00, 0x30, 0x00, 0x00, 0x00, 0x00, 0x00, 0x00, 0x00, 0x00, 0x00, 0x00, 0x00, 0x00, 0x00, 0x00, 0x00, 0x00, 0x00, 0x00, 0x00, 0x00, 0x00, 0x00, 0x00,  // Code for char g
                0x11, 0x00, 0x00, 0x00, 0x00, 0x00, 0x00, 0x00, 0xC0, 0x01, 0x00, 0xF0, 0x01, 0x00, 0xFC, 0x01, 0x80, 0xFF, 0x01, 0xFC, 0xFF, 0x01, 0xFC, 0xFF, 0x01, 0xFC, 0xDF, 0x00, 0xFE, 0x03, 0x01, 0xFE, 0xE0, 0x01, 0xCE, 0xFE, 0x01, 0xC0, 0xFF, 0x01, 0xE0, 0xFF, 0x01, 0xE0, 0xFF, 0x01, 0xE0, 0xDF, 0x00, 0xC0, 0x01, 0x00, 0x00, 0x00, 0x00, 0x00, 0x00, 0x00, 0x00, 0x00, 0x00, 0x00, 0x00, 0x00, 0x00, 0x00, 0x00, 0x00, 0x00, 0x00, 0x00, 0x00, 0x00, 0x00, 0x00, 0x00,  // Code for char h
                0x0C, 0x00, 0x00, 0x00, 0x00, 0x00, 0x00, 0x00, 0xC0, 0x01, 0x00, 0xF0, 0x01, 0x80, 0xFE, 0x01, 0xC0, 0xFF, 0x01, 0xC0, 0xFF, 0x01, 0xCC, 0xFF, 0x01, 0xEE, 0xDF, 0x00, 0xEE, 0x03, 0x00, 0x6E, 0x00, 0x00, 0x06, 0x00, 0x00, 0x00, 0x00, 0x00, 0x00, 0x00, 0x00, 0x00, 0x00, 0x00, 0x00, 0x00, 0x00, 0x00, 0x00, 0x00, 0x00, 0x00, 0x00, 0x00, 0x00, 0x00, 0x00, 0x00, 0x00, 0x00, 0x00, 0x00, 0x00, 0x00, 0x00, 0x00, 0x00, 0x00, 0x00, 0x00, 0x00, 0x00, 0x00, 0x00,  // Code for char i
                0x0C, 0x00, 0x00, 0x18, 0x00, 0x00, 0x1C, 0x00, 0x00, 0x1F, 0x00, 0xE0, 0x1F, 0x80, 0xFC, 0x0F, 0xC0, 0xFF, 0x07, 0xC0, 0xFF, 0x03, 0xCC, 0xFF, 0x00, 0xEE, 0x1F, 0x00, 0xEE, 0x03, 0x00, 0x6E, 0x00, 0x00, 0x06, 0x00, 0x00, 0x00, 0x00, 0x00, 0x00, 0x00, 0x00, 0x00, 0x00, 0x00, 0x00, 0x00, 0x00, 0x00, 0x00, 0x00, 0x00, 0x00, 0x00, 0x00, 0x00, 0x00, 0x00, 0x00, 0x00, 0x00, 0x00, 0x00, 0x00, 0x00, 0x00, 0x00, 0x00, 0x00, 0x00, 0x00, 0x00, 0x00, 0x00, 0x00,  // Code for char j
                0x14, 0x00, 0x00, 0x00, 0x00, 0x00, 0x00, 0x00, 0xC0, 0x01, 0x00, 0xF0, 0x01, 0x00, 0xFC, 0x01, 0x80, 0xFF, 0x01, 0xF8, 0xFF, 0x01, 0xFC, 0xFF, 0x01, 0xFC, 0xDF, 0x00, 0xFE, 0x1F, 0x00, 0x7E, 0x7E, 0x00, 0x0E, 0xFF, 0x00, 0xC0, 0xFF, 0x01, 0xC0, 0xFF, 0x01, 0xE0, 0xFD, 0x01, 0xE0, 0xF1, 0x01, 0xE0, 0xE0, 0x01, 0xE0, 0xC0, 0x01, 0xE0, 0x00, 0x00, 0x40, 0x00, 0x00, 0x00, 0x00, 0x00, 0x00, 0x00, 0x00, 0x00, 0x00, 0x00, 0x00, 0x00, 0x00, 0x00, 0x00, 0x00,  // Code for char k
                0x0C, 0x00, 0x00, 0x00, 0x00, 0x00, 0x00, 0x00, 0xC0, 0x01, 0x00, 0xF0, 0x01, 0x00, 0xFC, 0x01, 0x80, 0xFF, 0x01, 0xFC, 0xFF, 0x01, 0xFC, 0xFF, 0x01, 0xFC, 0xDF, 0x00, 0xFE, 0x03, 0x00, 0x7E, 0x00, 0x00, 0x0E, 0x00, 0x00, 0x00, 0x00, 0x00, 0x00, 0x00, 0x00, 0x00, 0x00, 0x00, 0x00, 0x00, 0x00, 0x00, 0x00, 0x00, 0x00, 0x00, 0x00, 0x00, 0x00, 0x00, 0x00, 0x00, 0x00, 0x00, 0x00, 0x00, 0x00, 0x00, 0x00, 0x00, 0x00, 0x00, 0x00, 0x00, 0x00, 0x00, 0x00, 0x00,  // Code for char l
                0x18, 0x00, 0x00, 0x00, 0x00, 0x00, 0x00, 0x00, 0xC0, 0x01, 0x00, 0xF0, 0x01, 0x80, 0xFC, 0x01, 0xC0, 0xFF, 0x01, 0xC0, 0xFF, 0x01, 0xC0, 0xFF, 0x01, 0xE0, 0xDF, 0x00, 0xE0, 0x03, 0x01, 0xE0, 0xE0, 0x01, 0xC0, 0xFC, 0x01, 0xC0, 0xFF, 0x01, 0xE0, 0xFF, 0x01, 0xE0, 0xFF, 0x01, 0xE0, 0xDF, 0x00, 0xE0, 0x03, 0x01, 0x80, 0xE0, 0x01, 0xC0, 0xFE, 0x01, 0xC0, 0xFF, 0x01, 0xE0, 0xFF, 0x01, 0xE0, 0xFF, 0x01, 0xE0, 0xCF, 0x00, 0xE0, 0x03, 0x00, 0x00, 0x00, 0x00,  // Code for char m
                0x11, 0x00, 0x00, 0x00, 0x00, 0x00, 0x00, 0x00, 0xC0, 0x01, 0x00, 0xE0, 0x01, 0x80, 0xFC, 0x01, 0xC0, 0xFF, 0x01, 0xC0, 0xFF, 0x01, 0xC0, 0xFF, 0x01, 0xE0, 0xDF, 0x00, 0xE0, 0x03, 0x01, 0xE0, 0xE0, 0x01, 0xC0, 0xFE, 0x01, 0xC0, 0xFF, 0x01, 0xE0, 0xFF, 0x01, 0xE0, 0xFF, 0x01, 0xE0, 0xDF, 0x00, 0xC0, 0x01, 0x00, 0x00, 0x00, 0x00, 0x00, 0x00, 0x00, 0x00, 0x00, 0x00, 0x00, 0x00, 0x00, 0x00, 0x00, 0x00, 0x00, 0x00, 0x00, 0x00, 0x00, 0x00, 0x00, 0x00, 0x00,  // Code for char n
                0x0F, 0x00, 0x00, 0x00, 0x00, 0x00, 0x00, 0x00, 0x00, 0x00, 0x00, 0xFC, 0x00, 0x00, 0xFF, 0x01, 0x80, 0xFF, 0x01, 0x80, 0xFF, 0x01, 0xC0, 0xFF, 0x01, 0xC0, 0xC3, 0x01, 0xE0, 0xE0, 0x00, 0xE0, 0xFF, 0x00, 0xE0, 0x7F, 0x00, 0xE0, 0x7F, 0x00, 0xE0, 0x3F, 0x00, 0xC0, 0x0F, 0x00, 0x00, 0x00, 0x00, 0x00, 0x00, 0x00, 0x00, 0x00, 0x00, 0x00, 0x00, 0x00, 0x00, 0x00, 0x00, 0x00, 0x00, 0x00, 0x00, 0x00, 0x00, 0x00, 0x00, 0x00, 0x00, 0x00, 0x00, 0x00, 0x00, 0x00,  // Code for char o
                0x12, 0x00, 0x00, 0x04, 0x00, 0x00, 0x0E, 0x00, 0x80, 0x1F, 0x00, 0xE0, 0x1F, 0x80, 0xFF, 0x1F, 0xC0, 0xFF, 0x1F, 0xC0, 0xFF, 0x0F, 0xC0, 0xFF, 0x00, 0xE0, 0xDF, 0x01, 0xE0, 0xC3, 0x01, 0xE0, 0xC0, 0x01, 0xC0, 0xF0, 0x01, 0xE0, 0xFF, 0x00, 0xE0, 0xFF, 0x00, 0xE0, 0x7F, 0x00, 0xE0, 0x3F, 0x00, 0xC0, 0x0F, 0x00, 0x00, 0x01, 0x00, 0x00, 0x00, 0x00, 0x00, 0x00, 0x00, 0x00, 0x00, 0x00, 0x00, 0x00, 0x00, 0x00, 0x00, 0x00, 0x00, 0x00, 0x00, 0x00, 0x00, 0x00,  // Code for char p
                0x12, 0x00, 0x00, 0x00, 0x00, 0x00, 0x00, 0x00, 0x00, 0x00, 0x00, 0xFC, 0x00, 0x00, 0xFF, 0x01, 0x80, 0xFF, 0x01, 0xC0, 0xFF, 0x01, 0xC0, 0xFF, 0x09, 0xE0, 0xC3, 0x1C, 0xE0, 0xC1, 0x1F, 0xE0, 0xF0, 0x1F, 0xE0, 0xFF, 0x1F, 0xE0, 0xFF, 0x1F, 0xE0, 0xFF, 0x0F, 0xC0, 0xFF, 0x00, 0xE0, 0x1F, 0x00, 0xE0, 0x03, 0x00, 0x60, 0x00, 0x00, 0x00, 0x00, 0x00, 0x00, 0x00, 0x00, 0x00, 0x00, 0x00, 0x00, 0x00, 0x00, 0x00, 0x00, 0x00, 0x00, 0x00, 0x00, 0x00, 0x00, 0x00,  // Code for char q
                0x10, 0x00, 0x00, 0x00, 0x00, 0x00, 0x00, 0x00, 0xC0, 0x01, 0x00, 0xF0, 0x01, 0x80, 0xFC, 0x01, 0xC0, 0xFF, 0x01, 0xC0, 0xFF, 0x01, 0xC0, 0xFF, 0x01, 0xE0, 0xDF, 0x01, 0xE0, 0xC3, 0x00, 0xE0, 0x01, 0x00, 0xC0, 0x03, 0x00, 0xC0, 0x03, 0x00, 0xE0, 0x03, 0x00, 0xE0, 0x01, 0x00, 0xE0, 0x01, 0x00, 0x00, 0x00, 0x00, 0x00, 0x00, 0x00, 0x00, 0x00, 0x00, 0x00, 0x00, 0x00, 0x00, 0x00, 0x00, 0x00, 0x00, 0x00, 0x00, 0x00, 0x00, 0x00, 0x00, 0x00, 0x00, 0x00, 0x00,  // Code for char r
                0x0D, 0x00, 0x00, 0x00, 0x00, 0x00, 0x00, 0x00, 0xE0, 0x01, 0x00, 0xF0, 0x01, 0x80, 0x8F, 0x01, 0xC0, 0x9F, 0x01, 0xC0, 0xFF, 0x01, 0xE0, 0xFF, 0x01, 0xE0, 0xFF, 0x00, 0x60, 0xFE, 0x00, 0x60, 0x7C, 0x00, 0xE0, 0x01, 0x00, 0xE0, 0x01, 0x00, 0x00, 0x00, 0x00, 0x00, 0x00, 0x00, 0x00, 0x00, 0x00, 0x00, 0x00, 0x00, 0x00, 0x00, 0x00, 0x00, 0x00, 0x00, 0x00, 0x00, 0x00, 0x00, 0x00, 0x00, 0x00, 0x00, 0x00, 0x00, 0x00, 0x00, 0x00, 0x00, 0x00, 0x00, 0x00, 0x00,  // Code for char s
                0x0E, 0x00, 0x00, 0x00, 0x00, 0x00, 0x00, 0x00, 0x00, 0x00, 0x80, 0xE0, 0x00, 0xC0, 0xFC, 0x01, 0xE0, 0xFF, 0x01, 0xF0, 0xFF, 0x01, 0xF0, 0xFF, 0x01, 0xF8, 0xFF, 0x01, 0xF8, 0xC3, 0x00, 0xFC, 0xC0, 0x00, 0xEC, 0x60, 0x00, 0xE0, 0x00, 0x00, 0x60, 0x00, 0x00, 0x00, 0x00, 0x00, 0x00, 0x00, 0x00, 0x00, 0x00, 0x00, 0x00, 0x00, 0x00, 0x00, 0x00, 0x00, 0x00, 0x00, 0x00, 0x00, 0x00, 0x00, 0x00, 0x00, 0x00, 0x00, 0x00, 0x00, 0x00, 0x00, 0x00, 0x00, 0x00, 0x00,  // Code for char t
                0x12, 0x00, 0x00, 0x00, 0x00, 0x00, 0x00, 0x00, 0x00, 0x00, 0x00, 0xE0, 0x00, 0x00, 0xFC, 0x01, 0xC0, 0xFF, 0x01, 0xE0, 0xFF, 0x01, 0xE0, 0xFF, 0x00, 0xE0, 0xDF, 0x00, 0xE0, 0xC3, 0x01, 0x60, 0xF0, 0x01, 0x80, 0xFC, 0x01, 0xC0, 0xFF, 0x01, 0xE0, 0xFF, 0x01, 0xE0, 0xFF, 0x00, 0xE0, 0x9F, 0x00, 0xE0, 0x03, 0x00, 0x60, 0x00, 0x00, 0x00, 0x00, 0x00, 0x00, 0x00, 0x00, 0x00, 0x00, 0x00, 0x00, 0x00, 0x00, 0x00, 0x00, 0x00, 0x00, 0x00, 0x00, 0x00, 0x00, 0x00,  // Code for char u
                0x13, 0x00, 0x00, 0x00, 0x00, 0x00, 0x00, 0x00, 0x00, 0x00, 0x00, 0x00, 0x00, 0xC0, 0x00, 0x00, 0xE0, 0x0F, 0x00, 0xE0, 0xFF, 0x00, 0xE0, 0xFF, 0x01, 0xE0, 0xFF, 0x01, 0xE0, 0xFF, 0x00, 0xE0, 0x7C, 0x00, 0x40, 0x1C, 0x00, 0x00, 0x0C, 0x00, 0x00, 0x07, 0x00, 0xE0, 0x03, 0x00, 0xE0, 0x01, 0x00, 0xE0, 0x00, 0x00, 0xE0, 0x00, 0x00, 0x60, 0x00, 0x00, 0x00, 0x00, 0x00, 0x00, 0x00, 0x00, 0x00, 0x00, 0x00, 0x00, 0x00, 0x00, 0x00, 0x00, 0x00, 0x00, 0x00, 0x00,  // Code for char v
                0x19, 0x00, 0x00, 0x00, 0x00, 0x00, 0x00, 0x00, 0x00, 0x00, 0x80, 0x00, 0x00, 0xC0, 0x00, 0x00, 0xE0, 0x07, 0x00, 0xE0, 0x7F, 0x00, 0xE0, 0xFF, 0x01, 0xE0, 0xFF, 0x01, 0xE0, 0xFF, 0x00, 0xE0, 0x7F, 0x00, 0x40, 0x3C, 0x00, 0x80, 0x1C, 0x00, 0xC0, 0x0F, 0x00, 0xE0, 0x3F, 0x00, 0xE0, 0xFF, 0x00, 0xE0, 0xFF, 0x01, 0xE0, 0xFF, 0x00, 0xE0, 0xFF, 0x00, 0xE0, 0x3C, 0x00, 0x40, 0x1C, 0x00, 0x00, 0x0C, 0x00, 0xE0, 0x07, 0x00, 0xE0, 0x03, 0x00, 0xE0, 0x01, 0x00,  // Code for char w
                0x12, 0x00, 0x00, 0x00, 0x00, 0xC0, 0x01, 0x00, 0xC0, 0x01, 0x00, 0xE0, 0x01, 0xC0, 0xF0, 0x00, 0xE0, 0x19, 0x01, 0xE0, 0x8F, 0x01, 0xE0, 0xFF, 0x01, 0xE0, 0xFF, 0x01, 0xE0, 0xFF, 0x01, 0xE0, 0xFF, 0x01, 0xE0, 0xFF, 0x01, 0x40, 0xFE, 0x01, 0x80, 0xE3, 0x00, 0xE0, 0x41, 0x00, 0xE0, 0x00, 0x00, 0x60, 0x00, 0x00, 0x60, 0x00, 0x00, 0x00, 0x00, 0x00, 0x00, 0x00, 0x00, 0x00, 0x00, 0x00, 0x00, 0x00, 0x00, 0x00, 0x00, 0x00, 0x00, 0x00, 0x00, 0x00, 0x00, 0x00,  // Code for char x
                0x13, 0x00, 0x00, 0x1E, 0x00, 0x00, 0x1F, 0x00, 0x00, 0x1F, 0x80, 0x00, 0x1F, 0xC0, 0x01, 0x1C, 0xE0, 0x3F, 0x0E, 0xE0, 0xFF, 0x0F, 0xE0, 0xFF, 0x07, 0xE0, 0xFF, 0x03, 0xE0, 0xFF, 0x01, 0xE0, 0x78, 0x00, 0x40, 0x38, 0x00, 0x00, 0x1C, 0x00, 0xC0, 0x07, 0x00, 0xE0, 0x03, 0x00, 0xE0, 0x01, 0x00, 0xE0, 0x00, 0x00, 0xE0, 0x00, 0x00, 0x40, 0x00, 0x00, 0x00, 0x00, 0x00, 0x00, 0x00, 0x00, 0x00, 0x00, 0x00, 0x00, 0x00, 0x00, 0x00, 0x00, 0x00, 0x00, 0x00, 0x00,  // Code for char y
                0x0E, 0x00, 0x00, 0x00, 0x00, 0x00, 0x01, 0x00, 0xC0, 0x01, 0x00, 0xE0, 0x01, 0x80, 0xFB, 0x01, 0xC0, 0xFC, 0x01, 0xE0, 0xFE, 0x01, 0xE0, 0xFF, 0x01, 0xE0, 0xFF, 0x01, 0xE0, 0xCF, 0x01, 0xE0, 0xE7, 0x00, 0xE0, 0x73, 0x00, 0xE0, 0x00, 0x00, 0x60, 0x00, 0x00, 0x00, 0x00, 0x00, 0x00, 0x00, 0x00, 0x00, 0x00, 0x00, 0x00, 0x00, 0x00, 0x00, 0x00, 0x00, 0x00, 0x00, 0x00, 0x00, 0x00, 0x00, 0x00, 0x00, 0x00, 0x00, 0x00, 0x00, 0x00, 0x00, 0x00, 0x00, 0x00, 0x00,  // Code for char z
                0x10, 0x00, 0x00, 0x00, 0x00, 0x00, 0x00, 0x00, 0x00, 0x08, 0x00, 0x0C, 0x1F, 0x00, 0xFC, 0x1F, 0x00, 0xFE, 0x1F, 0x80, 0xFF, 0x1F, 0xF0, 0xFF, 0x1F, 0xFC, 0xFF, 0x18, 0xFE, 0x03, 0x08, 0xFE, 0x01, 0x00, 0x7E, 0x00, 0x00, 0x0E, 0x00, 0x00, 0x06, 0x00, 0x00, 0x06, 0x00, 0x00, 0x06, 0x00, 0x00, 0x00, 0x00, 0x00, 0x00, 0x00, 0x00, 0x00, 0x00, 0x00, 0x00, 0x00, 0x00, 0x00, 0x00, 0x00, 0x00, 0x00, 0x00, 0x00, 0x00, 0x00, 0x00, 0x00, 0x00, 0x00, 0x00, 0x00,  // Code for char {
                0x0D, 0x00, 0x00, 0x00, 0x00, 0x00, 0x00, 0x00, 0x00, 0x1C, 0x00, 0x00, 0x1F, 0x00, 0xE0, 0x1F, 0x00, 0xFC, 0x1F, 0x80, 0xFF, 0x1F, 0xF0, 0xFF, 0x03, 0xFE, 0xFF, 0x00, 0xFE, 0x1F, 0x00, 0xFE, 0x03, 0x00, 0x7E, 0x00, 0x00, 0x0E, 0x00, 0x00, 0x00, 0x00, 0x00, 0x00, 0x00, 0x00, 0x00, 0x00, 0x00, 0x00, 0x00, 0x00, 0x00, 0x00, 0x00, 0x00, 0x00, 0x00, 0x00, 0x00, 0x00, 0x00, 0x00, 0x00, 0x00, 0x00, 0x00, 0x00, 0x00, 0x00, 0x00, 0x00, 0x00, 0x00, 0x00, 0x00,  // Code for char |
                0x0E, 0x00, 0x00, 0x18, 0x00, 0x00, 0x18, 0x00, 0x00, 0x18, 0x00, 0x00, 0x1C, 0x00, 0x00, 0x1F, 0x00, 0xE0, 0x1F, 0x04, 0xF0, 0x1F, 0x86, 0xFF, 0x0F, 0xFE, 0xFF, 0x03, 0xFE, 0xFF, 0x00, 0xFE, 0x1F, 0x00, 0xFE, 0x0F, 0x00, 0x7E, 0x0C, 0x00, 0x0C, 0x00, 0x00, 0x00, 0x00, 0x00, 0x00, 0x00, 0x00, 0x00, 0x00, 0x00, 0x00, 0x00, 0x00, 0x00, 0x00, 0x00, 0x00, 0x00, 0x00, 0x00, 0x00, 0x00, 0x00, 0x00, 0x00, 0x00, 0x00, 0x00, 0x00, 0x00, 0x00, 0x00, 0x00, 0x00,  // Code for char }
                0x11, 0x00, 0x00, 0x00, 0x00, 0x00, 0x00, 0x00, 0x00, 0x00, 0x00, 0x00, 0x00, 0x00, 0x00, 0x00, 0x00, 0x07, 0x00, 0x80, 0x0F, 0x00, 0x80, 0x07, 0x00, 0xC0, 0x07, 0x00, 0xC0, 0x07, 0x00, 0xC0, 0x0F, 0x00, 0xC0, 0x0F, 0x00, 0x80, 0x0F, 0x00, 0x80, 0x0F, 0x00, 0x80, 0x07, 0x00, 0xC0, 0x03, 0x00, 0x80, 0x01, 0x00, 0x00, 0x00, 0x00, 0x00, 0x00, 0x00, 0x00, 0x00, 0x00, 0x00, 0x00, 0x00, 0x00, 0x00, 0x00, 0x00, 0x00, 0x00, 0x00, 0x00, 0x00, 0x00, 0x00, 0x00,  // Code for char ~
                0x0B, 0x00, 0x00, 0x00, 0x00, 0xE0, 0x00, 0x00, 0x9C, 0x00, 0x80, 0x83, 0x00, 0xF0, 0x80, 0x00, 0x1E, 0xE0, 0x00, 0x03, 0x1C, 0x00, 0x81, 0x07, 0x00, 0xF1, 0x00, 0x00, 0x1F, 0x00, 0x00, 0x03, 0x00, 0x00, 0x00, 0x00, 0x00, 0x00, 0x00, 0x00, 0x00, 0x00, 0x00, 0x00, 0x00, 0x00, 0x00, 0x00, 0x00, 0x00, 0x00, 0x00, 0x00, 0x00, 0x00, 0x00, 0x00, 0x00, 0x00, 0x00, 0x00, 0x00, 0x00, 0x00, 0x00, 0x00, 0x00, 0x00, 0x00, 0x00, 0x00, 0x00, 0x00, 0x00, 0x00, 0x00   // Code for char 
                };

